AOJE01000051.1	GCF_000337915.1|NZ_AOJE01000051.1	100.000	48216	0	0	1	48216	1	48216	0.0	89013	48216	48216	48216	48216
AOJE01000051.1	GCF_000337915.1|NZ_AOJE01000051.1	97.468	79	1	1	20978	21056	20906	20983	1.79e-25	135	48216	48216	77	77
AOJE01000051.1	GCF_000337915.1|NZ_AOJE01000051.1	97.468	79	1	1	20906	20983	20978	21056	1.79e-25	135	48216	48216	77	77
AOJE01000051.1	GCF_000337915.1|NZ_AOJE01000051.1	98.592	71	1	0	384	454	315	385	2.99e-23	128	48216	48216	70	70
AOJE01000051.1	GCF_000337915.1|NZ_AOJE01000051.1	98.592	71	1	0	315	385	384	454	2.99e-23	128	48216	48216	70	70
AOJE01000051.1	GCF_000337915.1|NZ_AOJE01000051.1	100.000	69	0	0	23042	23110	22971	23039	2.99e-23	128	48216	48216	69	69
AOJE01000051.1	GCF_000337915.1|NZ_AOJE01000051.1	100.000	69	0	0	22971	23039	23042	23110	2.99e-23	128	48216	48216	69	69
AOJE01000051.1	GCF_000337915.1|NZ_AOJE01000051.1	94.915	59	2	1	32210	32267	31414	31472	3.92e-12	91.6	48216	48216	56	56
AOJE01000051.1	GCF_000337915.1|NZ_AOJE01000051.1	94.915	59	2	1	31414	31472	32210	32267	3.92e-12	91.6	48216	48216	56	56
AOJE01000051.1	2671180119|Ga0123509_159	86.508	4788	572	50	23191	27932	60276	55517	0.0	5197	48216	75176	4142	4142
AOJE01000051.1	2671180119|Ga0123509_159	83.658	5189	736	80	37833	42970	49439	44312	0.0	4783	48216	75176	4341	4341
AOJE01000051.1	2671180119|Ga0123509_159	83.467	2371	326	50	16172	18507	67076	64737	0.0	2146	48216	75176	1979	1979
AOJE01000051.1	2671180119|Ga0123509_159	85.386	2046	270	26	20985	23011	62351	60316	0.0	2095	48216	75176	1747	1747
AOJE01000051.1	2671180119|Ga0123509_159	82.450	2057	303	44	32210	34228	51505	49469	0.0	1748	48216	75176	1696	1696
AOJE01000051.1	2671180119|Ga0123509_159	82.958	1778	244	45	43589	45341	43370	41627	0.0	1550	48216	75176	1475	1475
AOJE01000051.1	2671180119|Ga0123509_159	83.767	1423	221	8	14373	15790	68933	67516	0.0	1339	48216	75176	1192	1192
AOJE01000051.1	2671180119|Ga0123509_159	92.889	225	14	2	31251	31474	51668	51445	9.87e-83	326	48216	75176	209	209
AOJE01000051.1	3300026560_1|3300026560.a:Ga0208282_10038	86.117	4819	591	53	23162	27932	7454	12242	0.0	5123	48216	31449	4150	4150
AOJE01000051.1	3300026560_1|3300026560.a:Ga0208282_10038	83.658	5189	736	81	37833	42970	16604	21731	0.0	4783	48216	31449	4341	4341
AOJE01000051.1	3300026560_1|3300026560.a:Ga0208282_10038	91.501	2671	214	13	18319	20983	2825	5488	0.0	3663	48216	31449	2444	2444
AOJE01000051.1	3300026560_1|3300026560.a:Ga0208282_10038	86.635	2761	338	22	45445	48198	25856	28592	0.0	3025	48216	31449	2392	2392
AOJE01000051.1	3300026560_1|3300026560.a:Ga0208282_10038	88.993	2035	213	11	20978	23007	5411	7439	0.0	2508	48216	31449	1811	1811
AOJE01000051.1	3300026560_1|3300026560.a:Ga0208282_10038	83.732	2256	312	47	16172	18391	698	2934	0.0	2082	48216	31449	1889	1889
AOJE01000051.1	3300026560_1|3300026560.a:Ga0208282_10038	82.450	2057	303	44	32210	34228	14538	16574	0.0	1748	48216	31449	1696	1696
AOJE01000051.1	3300026560_1|3300026560.a:Ga0208282_10038	82.931	1781	245	45	43586	45341	22670	24416	0.0	1550	48216	31449	1477	1477
AOJE01000051.1	3300026560_1|3300026560.a:Ga0208282_10038	80.301	1929	331	31	29575	31474	12690	14598	0.0	1411	48216	31449	1549	1549
AOJE01000051.1	3300026560_1|3300026560.a:Ga0208282_10038	81.250	256	40	6	15533	15784	1	252	6.24e-45	200	48216	31449	208	208
AOJE01000051.1	3300025352_1|3300025352.a:Ga0207995_100228	86.117	4819	591	53	23162	27932	18310	23098	0.0	5123	48216	23279	4150	4150
AOJE01000051.1	3300025352_1|3300025352.a:Ga0207995_100228	85.991	3876	504	26	5191	9035	4061	7928	0.0	4113	48216	23279	3333	3333
AOJE01000051.1	3300025352_1|3300025352.a:Ga0207995_100228	91.501	2671	214	13	18319	20983	13681	16344	0.0	3663	48216	23279	2444	2444
AOJE01000051.1	3300025352_1|3300025352.a:Ga0207995_100228	88.993	2035	213	11	20978	23007	16267	18295	0.0	2508	48216	23279	1811	1811
AOJE01000051.1	3300025352_1|3300025352.a:Ga0207995_100228	82.861	2258	328	51	16172	18391	11554	13790	0.0	1971	48216	23279	1871	1871
AOJE01000051.1	3300025352_1|3300025352.a:Ga0207995_100228	83.695	1429	223	8	14361	15784	9685	11108	0.0	1339	48216	23279	1196	1196
AOJE01000051.1	3300025352_1|3300025352.a:Ga0207995_100228	89.605	683	71	0	384	1066	149	831	0.0	869	48216	23279	612	612
AOJE01000051.1	3300025352_1|3300025352.a:Ga0207995_100228	85.224	758	75	23	2725	3475	1614	2341	0.0	745	48216	23279	646	646
AOJE01000051.1	3300025352_1|3300025352.a:Ga0207995_100228	89.655	319	33	0	3558	3876	2425	2743	3.43e-107	407	48216	23279	286	286
AOJE01000051.1	3300025352_1|3300025352.a:Ga0207995_100228	93.151	219	15	0	167	385	1	219	3.55e-82	324	48216	23279	204	204
AOJE01000051.1	3300011170_2|3300011170.a:Ga0136570_100794	86.117	4819	591	53	23162	27932	4967	179	0.0	5123	48216	6317	4150	4150
AOJE01000051.1	3300011170_2|3300011170.a:Ga0136570_100794	87.472	1333	157	10	21683	23010	6306	4979	0.0	1528	48216	6317	1166	1166
AOJE01000051.1	2140918017_4|2140918017.a:Contig_128	86.061	4821	592	55	23162	27932	5844	10634	0.0	5108	48216	10701	4149	4149
AOJE01000051.1	2140918017_4|2140918017.a:Contig_128	91.467	2672	214	14	18319	20983	1214	3878	0.0	3659	48216	10701	2444	2444
AOJE01000051.1	2140918017_4|2140918017.a:Contig_128	88.993	2035	213	11	20978	23007	3801	5829	0.0	2508	48216	10701	1811	1811
AOJE01000051.1	2140918017_4|2140918017.a:Contig_128	84.708	1334	182	21	17069	18391	1	1323	0.0	1314	48216	10701	1130	1130
AOJE01000051.1	3300025352_1|3300025352.a:Ga0207995_100638	83.658	5189	736	81	37833	42970	4138	9265	0.0	4783	48216	12362	4341	4341
AOJE01000051.1	3300025352_1|3300025352.a:Ga0207995_100638	82.450	2057	303	44	32210	34228	2072	4108	0.0	1748	48216	12362	1696	1696
AOJE01000051.1	3300025352_1|3300025352.a:Ga0207995_100638	82.931	1781	245	45	43586	45341	10204	11950	0.0	1550	48216	12362	1477	1477
AOJE01000051.1	3300025352_1|3300025352.a:Ga0207995_100638	80.301	1929	331	31	29575	31474	224	2132	0.0	1411	48216	12362	1549	1549
AOJE01000051.1	3300025342_2|3300025342.a:Ga0208283_10304	83.658	5189	736	81	37833	42970	5962	11089	0.0	4783	48216	16991	4341	4341
AOJE01000051.1	3300025342_2|3300025342.a:Ga0208283_10304	85.405	1802	232	23	45445	47239	15214	16991	0.0	1842	48216	16991	1539	1539
AOJE01000051.1	3300025342_2|3300025342.a:Ga0208283_10304	82.450	2057	303	44	32210	34228	3896	5932	0.0	1748	48216	16991	1696	1696
AOJE01000051.1	3300025342_2|3300025342.a:Ga0208283_10304	84.792	1611	218	24	26338	27932	1	1600	0.0	1592	48216	16991	1366	1366
AOJE01000051.1	3300025342_2|3300025342.a:Ga0208283_10304	82.931	1781	245	45	43586	45341	12028	13774	0.0	1550	48216	16991	1477	1477
AOJE01000051.1	3300025342_2|3300025342.a:Ga0208283_10304	80.301	1929	331	31	29575	31474	2048	3956	0.0	1411	48216	16991	1549	1549
AOJE01000051.1	3300012182_14|3300012182.a:Ga0136556_1001313	83.658	5189	736	80	37833	42970	9070	3943	0.0	4783	48216	12705	4341	4341
AOJE01000051.1	3300012182_14|3300012182.a:Ga0136556_1001313	82.450	2057	303	44	32210	34228	11136	9100	0.0	1748	48216	12705	1696	1696
AOJE01000051.1	3300012182_14|3300012182.a:Ga0136556_1001313	82.958	1778	244	45	43589	45341	3001	1258	0.0	1550	48216	12705	1475	1475
AOJE01000051.1	3300012182_14|3300012182.a:Ga0136556_1001313	80.243	1645	276	30	29859	31474	12700	11076	0.0	1192	48216	12705	1320	1320
AOJE01000051.1	3300012115_1|3300012115.a:Ga0136592_1000477	83.658	5189	736	81	37833	42970	4135	9262	0.0	4783	48216	12244	4341	4341
AOJE01000051.1	3300012115_1|3300012115.a:Ga0136592_1000477	82.450	2057	303	44	32210	34228	2069	4105	0.0	1748	48216	12244	1696	1696
AOJE01000051.1	3300012115_1|3300012115.a:Ga0136592_1000477	82.931	1781	245	45	43586	45341	10201	11947	0.0	1550	48216	12244	1477	1477
AOJE01000051.1	3300012115_1|3300012115.a:Ga0136592_1000477	80.301	1929	331	31	29575	31474	221	2129	0.0	1411	48216	12244	1549	1549
AOJE01000051.1	3300012109_1|3300012109.a:Ga0136583_1000627	83.658	5189	736	80	37833	42970	6263	1136	0.0	4783	48216	8621	4341	4341
AOJE01000051.1	3300012109_1|3300012109.a:Ga0136583_1000627	82.450	2057	303	44	32210	34228	8329	6293	0.0	1748	48216	8621	1696	1696
AOJE01000051.1	3300012109_1|3300012109.a:Ga0136583_1000627	87.143	350	29	7	31139	31474	8616	8269	5.78e-100	383	48216	8621	305	305
AOJE01000051.1	3300011185_12|3300011185.a:Ga0136597_1001633	83.658	5189	736	80	37833	42970	6086	959	0.0	4783	48216	8326	4341	4341
AOJE01000051.1	3300011185_12|3300011185.a:Ga0136597_1001633	82.450	2057	303	44	32210	34228	8152	6116	0.0	1748	48216	8326	1696	1696
AOJE01000051.1	3300011185_12|3300011185.a:Ga0136597_1001633	92.889	225	14	2	31251	31474	8315	8092	9.87e-83	326	48216	8326	209	209
AOJE01000051.1	GCF_003781945.1|NZ_RJJW01000001.1	94.499	2745	140	11	384	3123	59120	56382	0.0	4222	48216	593834	2594	2594
AOJE01000051.1	GCF_003781945.1|NZ_RJJW01000001.1	91.525	2053	153	10	46148	48198	460819	462852	0.0	2808	48216	593834	1879	1879
AOJE01000051.1	GCF_003781945.1|NZ_RJJW01000001.1	86.966	1358	150	22	44319	45657	458970	460319	0.0	1502	48216	593834	1181	1181
AOJE01000051.1	GCF_003781945.1|NZ_RJJW01000001.1	87.242	776	84	12	11850	12613	54415	53643	0.0	870	48216	593834	677	677
AOJE01000051.1	GCF_003781945.1|NZ_RJJW01000001.1	95.065	385	19	0	1	385	59434	59050	8.75e-168	608	48216	593834	366	366
AOJE01000051.1	GCF_003781945.1|NZ_RJJW01000001.1	88.403	457	50	3	8575	9030	55418	54964	1.94e-149	547	48216	593834	404	404
AOJE01000051.1	GCF_003781945.1|NZ_RJJW01000001.1	86.508	252	27	6	8339	8585	56076	55827	4.69e-66	270	48216	593834	218	218
AOJE01000051.1	GCF_003781945.1|NZ_RJJW01000001.1	95.122	41	2	0	3493	3533	431897	431857	2.38e-04	65.8	48216	593834	39	39
AOJE01000051.1	3300012109_1|3300012109.a:Ga0136583_1000453	85.991	3876	504	26	5191	9035	3691	7558	0.0	4113	48216	10366	3333	3333
AOJE01000051.1	3300012109_1|3300012109.a:Ga0136583_1000453	84.000	1050	166	2	14361	15409	9315	10363	0.0	1007	48216	10366	882	882
AOJE01000051.1	3300012109_1|3300012109.a:Ga0136583_1000453	85.224	758	75	23	2725	3475	1244	1971	0.0	745	48216	10366	646	646
AOJE01000051.1	3300012109_1|3300012109.a:Ga0136583_1000453	87.636	461	57	0	606	1066	1	461	4.19e-146	536	48216	10366	404	404
AOJE01000051.1	3300012109_1|3300012109.a:Ga0136583_1000453	89.655	319	33	0	3558	3876	2055	2373	3.43e-107	407	48216	10366	286	286
AOJE01000051.1	3300011187_9|3300011187.a:Ga0136596_1000389	85.991	3876	504	26	5191	9035	17036	13169	0.0	4113	48216	22524	3333	3333
AOJE01000051.1	3300011187_9|3300011187.a:Ga0136596_1000389	86.925	2761	318	26	23191	25926	2743	1	0.0	3061	48216	22524	2400	2400
AOJE01000051.1	3300011187_9|3300011187.a:Ga0136596_1000389	83.467	2371	326	50	16172	18507	9543	7204	0.0	2146	48216	22524	1979	1979
AOJE01000051.1	3300011187_9|3300011187.a:Ga0136596_1000389	85.386	2046	270	26	20985	23011	4818	2783	0.0	2095	48216	22524	1747	1747
AOJE01000051.1	3300011187_9|3300011187.a:Ga0136596_1000389	83.767	1423	221	8	14373	15790	11400	9983	0.0	1339	48216	22524	1192	1192
AOJE01000051.1	3300011187_9|3300011187.a:Ga0136596_1000389	89.489	685	68	4	384	1066	20948	20266	0.0	863	48216	22524	613	613
AOJE01000051.1	3300011187_9|3300011187.a:Ga0136596_1000389	85.224	758	75	23	2725	3475	19483	18756	0.0	745	48216	22524	646	646
AOJE01000051.1	3300011187_9|3300011187.a:Ga0136596_1000389	91.688	385	32	0	1	385	21262	20878	4.19e-146	536	48216	22524	353	353
AOJE01000051.1	3300011187_9|3300011187.a:Ga0136596_1000389	88.822	331	37	0	3558	3888	18672	18342	3.43e-107	407	48216	22524	294	294
AOJE01000051.1	3300012250_2|3300012250.a:Ga0136573_100546	83.564	4417	635	65	37833	42212	4376	14	0.0	4052	48216	8510	3691	3691
AOJE01000051.1	3300012250_2|3300012250.a:Ga0136573_100546	82.450	2057	303	44	32210	34228	6442	4406	0.0	1748	48216	8510	1696	1696
AOJE01000051.1	3300012250_2|3300012250.a:Ga0136573_100546	80.301	1929	331	31	29575	31474	8290	6382	0.0	1411	48216	8510	1549	1549
AOJE01000051.1	3300011170_2|3300011170.a:Ga0136570_100536	83.564	4417	635	66	37833	42212	4135	8497	0.0	4052	48216	8511	3691	3691
AOJE01000051.1	3300011170_2|3300011170.a:Ga0136570_100536	82.450	2057	303	44	32210	34228	2069	4105	0.0	1748	48216	8511	1696	1696
AOJE01000051.1	3300011170_2|3300011170.a:Ga0136570_100536	80.301	1929	331	31	29575	31474	221	2129	0.0	1411	48216	8511	1549	1549
AOJE01000051.1	3300012250_2|3300012250.a:Ga0136573_101279	86.588	3713	440	35	23162	26837	605	4296	0.0	4047	48216	4296	3215	3215
AOJE01000051.1	3300012250_2|3300012250.a:Ga0136573_101279	85.642	592	79	6	22419	23007	2	590	1.45e-170	617	48216	4296	507	507
AOJE01000051.1	2140918027_3|2140918027.a:contig00446	86.714	3643	429	34	23162	26770	6607	10228	0.0	3997	48216	10228	3159	3159
AOJE01000051.1	2140918027_3|2140918027.a:contig00446	91.501	2671	214	13	18319	20983	1978	4641	0.0	3663	48216	10228	2444	2444
AOJE01000051.1	2140918027_3|2140918027.a:contig00446	88.993	2035	213	11	20978	23007	4564	6592	0.0	2508	48216	10228	1811	1811
AOJE01000051.1	2140918027_3|2140918027.a:contig00446	84.152	1994	284	30	16413	18391	111	2087	0.0	1903	48216	10228	1678	1678
AOJE01000051.1	GCF_001542905.1|NZ_LOAJ01000002.1	81.594	4857	763	108	23183	27961	47932	52735	0.0	3897	48216	165936	3963	3963
AOJE01000051.1	GCF_001542905.1|NZ_LOAJ01000002.1	84.375	1536	234	6	16651	18183	39845	41377	0.0	1502	48216	165936	1296	1296
AOJE01000051.1	GCF_001542905.1|NZ_LOAJ01000002.1	80.332	1927	330	39	20977	22870	45585	47495	0.0	1415	48216	165936	1548	1548
AOJE01000051.1	GCF_001542905.1|NZ_LOAJ01000002.1	83.059	1033	149	21	44280	45298	63617	64637	0.0	915	48216	165936	858	858
AOJE01000051.1	GCF_001542905.1|NZ_LOAJ01000002.1	87.313	402	46	5	2725	3124	13978	14376	1.21e-121	455	48216	165936	351	351
AOJE01000051.1	3300025361_7|3300025361.a:Ga0208412_1001599	91.501	2671	214	13	18319	20983	1129	3792	0.0	3663	48216	8946	2444	2444
AOJE01000051.1	3300025361_7|3300025361.a:Ga0208412_1001599	86.783	3208	373	30	23162	26337	5758	8946	0.0	3530	48216	8946	2784	2784
AOJE01000051.1	3300025361_7|3300025361.a:Ga0208412_1001599	88.993	2035	213	11	20978	23007	3715	5743	0.0	2508	48216	8946	1811	1811
AOJE01000051.1	3300025361_7|3300025361.a:Ga0208412_1001599	85.028	1249	165	21	17154	18391	1	1238	0.0	1251	48216	8946	1062	1062
AOJE01000051.1	3300012250_2|3300012250.a:Ga0136573_101042	91.501	2671	214	13	18319	20983	917	3580	0.0	3663	48216	5064	2444	2444
AOJE01000051.1	3300012250_2|3300012250.a:Ga0136573_101042	90.038	1566	149	7	20978	22540	3503	5064	0.0	2023	48216	5064	1410	1410
AOJE01000051.1	3300012250_2|3300012250.a:Ga0136573_101042	83.221	1037	152	21	17366	18391	1	1026	0.0	931	48216	5064	863	863
AOJE01000051.1	3300012128_4|3300012128.a:Ga0136582_1000867	91.642	2656	209	13	18334	20983	5743	3095	0.0	3663	48216	7856	2434	2434
AOJE01000051.1	3300012128_4|3300012128.a:Ga0136582_1000867	88.960	2038	214	11	20978	23010	3172	1141	0.0	2508	48216	7856	1813	1813
AOJE01000051.1	3300012128_4|3300012128.a:Ga0136582_1000867	82.966	2225	322	49	16204	18391	7853	5649	0.0	1956	48216	7856	1846	1846
AOJE01000051.1	3300012128_4|3300012128.a:Ga0136582_1000867	88.230	1130	121	9	23162	24280	1129	1	0.0	1341	48216	7856	997	997
AOJE01000051.1	3300012111_1|3300012111.a:Ga0136577_1001410	91.642	2656	209	13	18334	20983	4133	1485	0.0	3663	48216	6246	2434	2434
AOJE01000051.1	3300012111_1|3300012111.a:Ga0136577_1001410	90.038	1566	149	7	20978	22540	1562	1	0.0	2023	48216	6246	1410	1410
AOJE01000051.1	3300012111_1|3300012111.a:Ga0136577_1001410	82.966	2225	322	49	16204	18391	6243	4039	0.0	1956	48216	6246	1846	1846
AOJE01000051.1	3300012110_4|3300012110.a:Ga0136593_1002457	86.645	3332	392	32	23162	26460	336	3647	0.0	3640	48216	3647	2887	2887
AOJE01000051.1	3300012110_4|3300012110.a:Ga0136593_1002457	84.472	322	48	2	22687	23007	1	321	5.94e-80	316	48216	3647	272	272
AOJE01000051.1	3300025342_2|3300025342.a:Ga0208283_10636	93.159	2441	165	2	18544	20983	7594	5155	0.0	3581	48216	7616	2274	2274
AOJE01000051.1	3300025342_2|3300025342.a:Ga0208283_10636	86.783	3208	373	30	23162	26337	3189	1	0.0	3530	48216	7616	2784	2784
AOJE01000051.1	3300025342_2|3300025342.a:Ga0208283_10636	88.960	2038	214	11	20978	23010	5232	3201	0.0	2508	48216	7616	1813	1813
AOJE01000051.1	3300012116_3|3300012116.a:Ga0136581_1002482	86.742	3183	371	30	23162	26312	605	3768	0.0	3494	48216	3768	2761	2761
AOJE01000051.1	3300012116_3|3300012116.a:Ga0136581_1002482	85.642	592	79	6	22419	23007	2	590	1.45e-170	617	48216	3768	507	507
AOJE01000051.1	3300011171_5|3300011171.a:Ga0136580_103398	86.711	3183	372	30	23162	26312	3164	1	0.0	3489	48216	3499	2760	2760
AOJE01000051.1	3300011171_5|3300011171.a:Ga0136580_103398	84.308	325	49	2	22687	23010	3499	3176	5.94e-80	316	48216	3499	274	274
AOJE01000051.1	GCF_003697845.1|NZ_RDQE01000016.1	95.065	2067	98	3	9752	11816	54694	56758	0.0	3249	48216	59030	1965	1965
AOJE01000051.1	GCF_003697845.1|NZ_RDQE01000016.1	88.227	688	81	0	384	1071	9336	10023	0.0	822	48216	59030	607	607
AOJE01000051.1	GCF_003697845.1|NZ_RDQE01000016.1	91.169	385	34	0	1	385	9022	9406	9.07e-143	525	48216	59030	351	351
AOJE01000051.1	3300025352_1|3300025352.a:Ga0207995_100954	86.635	2761	338	22	45445	48198	363	3099	0.0	3025	48216	8900	2392	2392
AOJE01000051.1	3300012265_5|3300012265.a:Ga0136603_1001489	86.635	2761	338	22	45445	48198	200	2936	0.0	3025	48216	5674	2392	2392
AOJE01000051.1	3300012128_4|3300012128.a:Ga0136582_1002115	86.635	2761	338	22	45445	48198	4068	1332	0.0	3025	48216	4233	2392	2392
AOJE01000051.1	3300012116_3|3300012116.a:Ga0136581_1002068	86.635	2761	338	22	45445	48198	4272	1536	0.0	3025	48216	4313	2392	2392
AOJE01000051.1	3300012104_2|3300012104.a:Ga0136567_1000554	86.635	2761	338	22	45445	48198	1261	3997	0.0	3025	48216	9812	2392	2392
AOJE01000051.1	2140918017_4|2140918017.a:Contig_2289	86.609	2763	337	24	45445	48198	43	2781	0.0	3022	48216	4224	2393	2393
AOJE01000051.1	GCF_007671685.1|NZ_VCNL01000005.1	93.520	1960	122	5	9803	11758	208956	206998	0.0	2911	48216	323203	1833	1833
AOJE01000051.1	GCF_007671685.1|NZ_VCNL01000005.1	83.106	1610	263	7	27962	29565	32941	31335	0.0	1458	48216	323203	1338	1338
AOJE01000051.1	GCF_007671685.1|NZ_VCNL01000005.1	88.643	678	71	6	384	1058	172963	173637	0.0	821	48216	323203	601	601
AOJE01000051.1	GCF_007671685.1|NZ_VCNL01000005.1	83.371	890	108	26	11755	12626	245287	244420	0.0	787	48216	323203	742	742
AOJE01000051.1	GCF_007671685.1|NZ_VCNL01000005.1	90.054	553	48	2	16188	16734	242612	242061	0.0	710	48216	323203	498	498
AOJE01000051.1	GCF_007671685.1|NZ_VCNL01000005.1	96.296	351	12	1	2246	2596	175620	175969	8.88e-158	575	48216	323203	338	338
AOJE01000051.1	GCF_007671685.1|NZ_VCNL01000005.1	93.247	385	26	0	1	385	172649	173033	4.13e-156	569	48216	323203	359	359
AOJE01000051.1	GCF_007671685.1|NZ_VCNL01000005.1	92.614	352	23	1	17865	18213	242070	241719	4.25e-136	503	48216	323203	326	326
AOJE01000051.1	3300011185_12|3300011185.a:Ga0136597_1000780	84.372	2969	425	26	6098	9035	1	2961	0.0	2876	48216	12876	2505	2505
AOJE01000051.1	3300011185_12|3300011185.a:Ga0136597_1000780	83.467	2371	326	50	16172	18507	6587	8926	0.0	2146	48216	12876	1979	1979
AOJE01000051.1	3300011185_12|3300011185.a:Ga0136597_1000780	85.505	1573	203	22	20985	22540	11312	12876	0.0	1618	48216	12876	1345	1345
AOJE01000051.1	3300011185_12|3300011185.a:Ga0136597_1000780	83.695	1429	223	8	14361	15784	4718	6141	0.0	1339	48216	12876	1196	1196
AOJE01000051.1	2140918027_3|2140918027.a:contig01267	86.715	2597	316	20	45608	48198	1	2574	0.0	2857	48216	4517	2252	2252
AOJE01000051.1	GCF_001280455.1|NZ_LIST01000008.1	90.484	1734	158	7	9981	11708	76590	74858	0.0	2281	48216	139129	1569	1569
AOJE01000051.1	GCF_001280455.1|NZ_LIST01000008.1	87.243	682	85	2	385	1065	38130	38810	0.0	776	48216	139129	595	595
AOJE01000051.1	GCF_001280455.1|NZ_LIST01000008.1	87.273	385	49	0	1	385	37815	38199	9.39e-118	442	48216	139129	336	336
AOJE01000051.1	GCF_000337415.1|NZ_AOJD01000081.1	89.816	1738	168	9	9978	11708	27900	29635	0.0	2220	48216	30917	1561	1561
AOJE01000051.1	3300012250_2|3300012250.a:Ga0136573_100814	83.047	2442	375	26	6625	9035	6211	3778	0.0	2180	48216	6211	2028	2028
AOJE01000051.1	3300012250_2|3300012250.a:Ga0136573_100814	83.778	1424	219	10	14373	15790	2009	592	0.0	1339	48216	6211	1193	1193
AOJE01000051.1	3300012250_2|3300012250.a:Ga0136573_100814	84.211	152	21	3	16172	16321	152	2	2.97e-28	145	48216	6211	128	128
AOJE01000051.1	3300025361_2|3300025361.a:Ga0208412_1002580	83.504	2346	321	50	16197	18507	1	2315	0.0	2128	48216	6052	1959	1959
AOJE01000051.1	3300025361_2|3300025361.a:Ga0208412_1002580	85.063	1359	180	20	20985	22327	4701	6052	0.0	1363	48216	6052	1156	1156
AOJE01000051.1	GCF_900188065.1|NZ_FZNQ01000028.1	89.333	1350	138	3	27962	29305	3571	4920	0.0	1690	48216	28063	1206	1206
AOJE01000051.1	GCF_002844195.1|NZ_PEND01000005.1	88.275	1322	152	1	27987	29305	297309	298630	0.0	1580	48216	526437	1167	1167
AOJE01000051.1	3300011185_12|3300011185.a:Ga0136597_1006734	82.931	1781	245	45	43586	45341	104	1850	0.0	1550	48216	3107	1477	1477
AOJE01000051.1	3300012250_2|3300012250.a:Ga0136573_100693	88.144	1282	150	2	46918	48198	7062	5782	0.0	1524	48216	7062	1130	1130
AOJE01000051.1	3300012111_1|3300012111.a:Ga0136577_1001863	85.368	1442	192	11	17069	18507	5140	3715	0.0	1476	48216	5140	1231	1231
AOJE01000051.1	3300012111_1|3300012111.a:Ga0136577_1001863	84.974	1331	179	18	20985	22300	1329	5	0.0	1330	48216	5140	1131	1131
AOJE01000051.1	GCF_002286985.1|NZ_NSKC01000011.1	92.338	1005	72	5	2677	3679	58320	59321	0.0	1424	48216	113587	928	928
AOJE01000051.1	GCF_002286985.1|NZ_NSKC01000011.1	90.541	666	63	0	6755	7420	59313	59978	0.0	881	48216	113587	603	603
AOJE01000051.1	GCF_002286985.1|NZ_NSKC01000011.1	86.498	711	76	15	8340	9032	76208	75500	0.0	763	48216	113587	615	615
AOJE01000051.1	GCF_003344565.1|NZ_QPND01000008.1	82.529	1637	254	24	27962	29579	70690	69067	0.0	1410	48216	176910	1351	1351
AOJE01000051.1	GCF_002286985.1|NZ_NSKC01000013.1	83.421	1520	231	20	14400	15910	45536	44029	0.0	1391	48216	46348	1268	1268
AOJE01000051.1	GCF_003287355.1|NZ_QMIM01000035.1	84.643	1387	204	9	14400	15782	34942	33561	0.0	1373	48216	49467	1174	1174
AOJE01000051.1	3300012027_4|3300012027.a:Ga0136609_1002260	84.386	1441	172	42	43923	45341	4094	2685	0.0	1365	48216	4101	1216	1216
AOJE01000051.1	3300012027_4|3300012027.a:Ga0136609_1002260	85.771	1265	155	18	45445	46705	1245	2	0.0	1315	48216	4101	1085	1085
AOJE01000051.1	2802429654|Ga0309027_10930	84.297	1401	213	7	14379	15776	3887	5283	0.0	1362	48216	13468	1181	1181
AOJE01000051.1	GCF_002156705.1|NZ_CP019893.1	81.917	1648	257	29	27959	29579	1829408	1831041	0.0	1354	48216	3930546	1350	1350
AOJE01000051.1	GCF_002114285.1|NZ_NEDJ01000097.1	84.735	1356	199	7	14430	15782	4627	3277	0.0	1351	48216	8960	1149	1149
AOJE01000051.1	2524614679|H617DRAFT_scaffold00063.63	84.735	1356	199	7	14430	15782	4087	2737	0.0	1351	48216	6530	1149	1149
AOJE01000051.1	GCF_000337135.1|NZ_AOIN01000097.1	82.707	1544	241	19	27960	29488	963	2495	0.0	1349	48216	34962	1277	1277
AOJE01000051.1	3300025361_7|3300025361.a:Ga0208412_1004855	83.767	1423	221	8	14373	15790	2009	592	0.0	1339	48216	3422	1192	1192
AOJE01000051.1	3300025361_7|3300025361.a:Ga0208412_1004855	84.211	152	21	3	16172	16321	152	2	2.97e-28	145	48216	3422	128	128
AOJE01000051.1	2140918027_3|2140918027.a:contig01688	83.706	1430	221	10	14361	15784	1778	3201	0.0	1339	48216	3566	1197	1197
AOJE01000051.1	GCF_004116405.1|NZ_SDIC01000005.1	84.457	1364	198	11	27961	29315	374482	375840	0.0	1332	48216	421579	1152	1152
AOJE01000051.1	GCF_000337335.1|NZ_AOJN01000002.1	80.518	1699	305	26	9982	11665	23346	21659	0.0	1280	48216	32359	1368	1368
AOJE01000051.1	2791355073|Ga0309025_10447	80.506	1698	307	24	9982	11665	6016	7703	0.0	1280	48216	9531	1367	1367
AOJE01000051.1	GCF_011043775.1|NZ_JAAKXY010000008.1	81.735	1533	254	19	27962	29477	67021	65498	0.0	1256	48216	108821	1253	1253
AOJE01000051.1	GCA_003021325.1|PXQM01000020.1	83.004	1365	209	17	27961	29309	9221	10578	0.0	1214	48216	10819	1133	1133
AOJE01000051.1	GCF_002844195.1|NZ_PEND01000001.1	88.511	1001	114	1	28578	29578	867612	868611	0.0	1210	48216	935763	886	886
AOJE01000051.1	GCF_002844195.1|NZ_PEND01000001.1	93.750	192	12	0	27987	28178	866910	867101	1.30e-71	289	48216	935763	180	180
AOJE01000051.1	GCA_003023785.1|PXRS01000084.1	82.771	1364	212	17	27962	29309	10201	11557	0.0	1195	48216	17964	1129	1129
AOJE01000051.1	GCF_001593955.1|NZ_LTAZ01000015.1	89.816	923	91	3	28667	29588	56403	55483	0.0	1181	48216	85473	829	829
AOJE01000051.1	GCF_001593955.1|NZ_LTAZ01000015.1	92.879	323	23	0	27962	28284	56726	56404	4.31e-126	470	48216	85473	300	300
AOJE01000051.1	GCF_000337335.1|NZ_AOJN01000009.1	92.609	690	49	2	384	1072	9121	9809	0.0	990	48216	11386	639	639
AOJE01000051.1	GCF_000337335.1|NZ_AOJN01000009.1	93.506	385	25	0	1	385	8807	9191	8.88e-158	575	48216	11386	360	360
AOJE01000051.1	GCF_000470655.1|NC_021913.1	80.583	1303	224	20	28025	29307	69840	68547	0.0	977	48216	330369	1050	1050
AOJE01000051.1	GCF_004114995.1|NZ_SDJP01000005.1	91.279	688	60	0	385	1072	47406	46719	0.0	939	48216	132605	628	628
AOJE01000051.1	GCF_004114995.1|NZ_SDJP01000005.1	89.119	386	40	2	1	385	47721	47337	1.99e-129	481	48216	132605	344	344
AOJE01000051.1	3300026560_1|3300026560.a:Ga0208282_10489	84.385	967	130	18	20985	21936	961	1	0.0	929	48216	3379	816	816
AOJE01000051.1	GCF_000337915.1|NZ_AOJE01000043.1	90.566	689	63	2	384	1071	54324	55011	0.0	911	48216	108475	624	624
AOJE01000051.1	GCF_000337915.1|NZ_AOJE01000043.1	93.506	385	25	0	1	385	54010	54394	8.88e-158	575	48216	108475	360	360
AOJE01000051.1	3300012116_3|3300012116.a:Ga0136581_1003295	82.381	1067	166	17	7985	9035	2997	1937	0.0	909	48216	3007	879	879
AOJE01000051.1	2791355075|Ga0309038_1047	90.365	685	63	2	384	1065	83091	83775	0.0	896	48216	93433	619	619
AOJE01000051.1	2791355075|Ga0309038_1047	91.123	383	34	0	3	385	82779	83161	1.17e-141	521	48216	93433	349	349
AOJE01000051.1	2791355073|Ga0309025_10218	89.914	694	67	2	384	1074	9019	8326	0.0	891	48216	10902	624	624
AOJE01000051.1	2791355073|Ga0309025_10218	91.948	385	31	0	1	385	9333	8949	9.00e-148	542	48216	10902	354	354
AOJE01000051.1	GCF_000739595.1|NZ_BBJP01000008.1	89.580	691	68	4	384	1072	12049	12737	0.0	874	48216	57469	619	619
AOJE01000051.1	GCF_000739595.1|NZ_BBJP01000008.1	88.512	383	44	0	3	385	11737	12119	5.57e-125	466	48216	57469	339	339
AOJE01000051.1	2802429629|Ga0309028_1147	89.093	706	72	4	371	1072	44165	43461	0.0	874	48216	85608	629	629
AOJE01000051.1	2802429629|Ga0309028_1147	92.950	383	27	0	3	385	44464	44082	2.49e-153	560	48216	85608	356	356
AOJE01000051.1	2671180119|Ga0123509_153	89.778	675	69	0	384	1058	26527	27201	0.0	865	48216	30603	606	606
AOJE01000051.1	2671180119|Ga0123509_153	92.167	383	30	0	3	385	26215	26597	2.50e-148	544	48216	30603	353	353
AOJE01000051.1	GCF_003781945.1|NZ_RJJW01000021.1	90.075	665	62	4	384	1046	951	289	0.0	859	48216	6305	599	599
AOJE01000051.1	GCF_003781945.1|NZ_RJJW01000021.1	88.512	383	44	0	3	385	1263	881	5.57e-125	466	48216	6305	339	339
AOJE01000051.1	2802429615|Ga0309033_1056	88.728	692	78	0	384	1075	6112	5421	0.0	846	48216	16556	614	614
AOJE01000051.1	2802429615|Ga0309033_1056	87.440	414	46	6	3	413	6424	6014	3.33e-127	473	48216	16556	362	362
AOJE01000051.1	GCF_003666015.1|NZ_QPLT01000034.1	88.423	691	76	4	384	1072	2844	2156	0.0	830	48216	5581	611	611
AOJE01000051.1	GCF_003666015.1|NZ_QPLT01000034.1	95.325	385	18	0	1	385	3158	2774	1.88e-169	614	48216	5581	367	367
AOJE01000051.1	GCF_002252755.1|NZ_NHOY01000063.1	88.444	675	75	2	384	1058	18177	18848	0.0	811	48216	28665	597	597
AOJE01000051.1	GCF_002252755.1|NZ_NHOY01000063.1	88.831	385	43	0	1	385	17863	18247	9.26e-128	475	48216	28665	342	342
AOJE01000051.1	2791355073|Ga0309025_11101	88.158	684	77	4	384	1065	4522	3841	0.0	811	48216	8329	603	603
AOJE01000051.1	2791355073|Ga0309025_11101	91.169	385	34	0	1	385	4836	4452	9.07e-143	525	48216	8329	351	351
AOJE01000051.1	2791355068|Ga0309036_1086	88.444	675	75	2	384	1058	67423	68094	0.0	811	48216	268071	597	597
AOJE01000051.1	2791355068|Ga0309036_1086	89.091	385	42	0	1	385	67109	67493	1.99e-129	481	48216	268071	343	343
AOJE01000051.1	2791355067|Ga0309037_1131	88.444	675	75	2	384	1058	4477	5148	0.0	811	48216	42984	597	597
AOJE01000051.1	2791355067|Ga0309037_1131	89.091	385	42	0	1	385	4163	4547	1.99e-129	481	48216	42984	343	343
AOJE01000051.1	2791355075|Ga0309038_1007	87.714	700	79	6	384	1080	13788	14483	0.0	809	48216	53531	614	614
AOJE01000051.1	2791355075|Ga0309038_1007	89.091	385	42	0	1	385	13474	13858	1.99e-129	481	48216	53531	343	343
AOJE01000051.1	GCF_000337355.1|NZ_AOJH01000001.1	88.341	669	72	5	384	1049	67544	68209	0.0	798	48216	91988	591	591
AOJE01000051.1	GCF_000337355.1|NZ_AOJH01000001.1	89.663	416	37	6	1	413	67230	67642	2.52e-143	527	48216	91988	373	373
AOJE01000051.1	GCF_007671685.1|NZ_VCNL01000010.1	87.719	684	78	6	385	1065	45713	45033	0.0	793	48216	78922	600	600
AOJE01000051.1	GCF_007671685.1|NZ_VCNL01000010.1	87.339	387	45	4	1	385	46028	45644	9.39e-118	442	48216	78922	338	338
AOJE01000051.1	3300026560_1|3300026560.a:Ga0208282_10028	87.870	676	80	2	384	1058	928	254	0.0	793	48216	48179	594	594
AOJE01000051.1	3300026560_1|3300026560.a:Ga0208282_10028	89.119	386	40	2	1	385	1242	858	1.99e-129	481	48216	48179	344	344
AOJE01000051.1	3300025342_2|3300025342.a:Ga0208283_10262	87.870	676	80	2	384	1058	18337	19011	0.0	793	48216	19012	594	594
AOJE01000051.1	3300025342_2|3300025342.a:Ga0208283_10262	89.119	386	40	2	1	385	18023	18407	1.99e-129	481	48216	19012	344	344
AOJE01000051.1	3300012115_1|3300012115.a:Ga0136592_1000202	87.722	676	81	2	384	1058	16855	17529	0.0	787	48216	17777	593	593
AOJE01000051.1	3300012115_1|3300012115.a:Ga0136592_1000202	89.119	386	40	2	1	385	16541	16925	1.99e-129	481	48216	17777	344	344
AOJE01000051.1	GCF_002286985.1|NZ_NSKC01000020.1	86.686	706	84	10	384	1083	8158	7457	0.0	774	48216	13596	612	612
AOJE01000051.1	GCF_002286985.1|NZ_NSKC01000020.1	89.351	385	41	0	1	385	8472	8088	4.28e-131	486	48216	13596	344	344
AOJE01000051.1	GCF_002727125.1|NZ_NHOA01000113.1	87.083	689	82	7	387	1072	34784	34100	0.0	773	48216	99777	600	600
AOJE01000051.1	GCF_002727125.1|NZ_NHOA01000113.1	87.990	383	46	0	3	385	35099	34717	1.21e-121	455	48216	99777	337	337
AOJE01000051.1	GCF_004114375.1|NZ_CP034693.1	86.842	684	86	3	385	1066	47142	47823	0.0	761	48216	163120	594	594
AOJE01000051.1	GCF_004114375.1|NZ_CP034693.1	87.047	386	48	2	1	385	46827	47211	4.37e-116	436	48216	163120	336	336
AOJE01000051.1	2802429654|Ga0309027_10322	86.686	691	86	6	385	1072	1793	1106	0.0	761	48216	3286	599	599
AOJE01000051.1	2802429654|Ga0309027_10322	88.052	385	46	0	1	385	2108	1724	9.33e-123	459	48216	3286	339	339
AOJE01000051.1	GCF_006543045.1|NZ_RBZW01000003.1	85.175	742	102	8	28737	29474	148493	149230	0.0	754	48216	318400	632	632
AOJE01000051.1	GCF_006543045.1|NZ_RBZW01000003.1	80.786	229	40	4	29248	29474	235232	235458	1.05e-37	176	48216	318400	185	185
AOJE01000051.1	GCF_006543045.1|NZ_RBZW01000003.1	81.448	221	28	8	27962	28171	148239	148457	1.76e-35	169	48216	318400	180	180
AOJE01000051.1	GCF_004114375.1|NZ_CP034692.1	86.510	682	90	2	385	1065	3177041	3177721	0.0	749	48216	3374117	590	590
AOJE01000051.1	GCF_004114375.1|NZ_CP034692.1	88.860	386	41	2	1	385	3176726	3177110	9.26e-128	475	48216	3374117	343	343
AOJE01000051.1	GCF_004114375.1|NZ_CP034692.1	84.635	384	56	3	3	385	3276698	3277079	2.08e-99	381	48216	3374117	325	325
AOJE01000051.1	GCF_004114375.1|NZ_CP034692.1	85.714	63	8	1	11755	11816	671726	671788	2.38e-04	65.8	48216	3374117	54	54
AOJE01000051.1	GCF_000337415.1|NZ_AOJD01000080.1	85.922	689	92	4	384	1071	1075	391	0.0	730	48216	23463	592	592
AOJE01000051.1	GCF_000337415.1|NZ_AOJD01000080.1	87.273	385	49	0	1	385	1389	1005	9.39e-118	442	48216	23463	336	336
AOJE01000051.1	2808606709|Ga0309039_11147	89.929	566	57	0	384	949	1396	1961	0.0	730	48216	1961	509	509
AOJE01000051.1	2808606709|Ga0309039_11147	92.468	385	29	0	1	385	1082	1466	4.16e-151	553	48216	1961	356	356
AOJE01000051.1	GCF_001261915.1|NZ_CVRT01000031.1	85.380	684	94	4	385	1065	86767	86087	0.0	704	48216	102758	584	584
AOJE01000051.1	GCF_001261915.1|NZ_CVRT01000031.1	91.429	385	33	0	1	385	87082	86698	1.95e-144	531	48216	102758	352	352
AOJE01000051.1	GCF_000337375.1|NZ_AOJG01000028.1	85.320	688	89	10	384	1065	196375	197056	0.0	701	48216	242385	587	587
AOJE01000051.1	GCF_000337375.1|NZ_AOJG01000028.1	87.855	387	43	4	1	385	196061	196445	4.34e-121	453	48216	242385	340	340
AOJE01000051.1	GCF_004116405.1|NZ_SDIC01000010.1	82.248	783	120	12	27987	28760	88995	88223	0.0	658	48216	190179	644	644
AOJE01000051.1	GCF_000336875.1|NZ_AOJK01000052.1	83.994	681	107	2	386	1065	10699	11378	0.0	652	48216	26538	572	572
AOJE01000051.1	GCF_000336875.1|NZ_AOJK01000052.1	86.150	361	48	2	23	382	10405	10764	1.24e-101	388	48216	26538	311	311
AOJE01000051.1	GCF_004114375.1|NZ_CP034691.1	83.772	684	105	5	385	1065	100447	101127	2.40e-178	643	48216	117216	573	573
AOJE01000051.1	3300026110_9|3300026110.a:Ga0209945_1005747	82.410	722	108	14	8325	9033	873	158	6.77e-169	612	48216	3930	595	595
AOJE01000051.1	GCF_000337035.1|NZ_AOJL01000061.1	82.628	685	115	4	384	1066	84392	85074	4.07e-166	603	48216	87533	566	566
AOJE01000051.1	GCF_000337035.1|NZ_AOJL01000061.1	83.947	380	61	0	3	382	84080	84459	2.09e-94	364	48216	87533	319	319
AOJE01000051.1	2808606709|Ga0309039_10998	84.422	597	89	4	14430	15024	913	319	1.48e-160	584	48216	1099	504	504
AOJE01000051.1	3300012250_2|3300012250.a:Ga0136573_101654	92.167	383	30	0	3	385	465	83	2.50e-148	544	48216	3429	353	353
AOJE01000051.1	3300012250_2|3300012250.a:Ga0136573_101654	93.464	153	10	0	384	536	153	1	2.86e-53	228	48216	3429	143	143
AOJE01000051.1	3300025352_1|3300025352.a:Ga0207995_100866	91.688	385	32	0	1	385	9032	9416	4.19e-146	536	48216	9620	353	353
AOJE01000051.1	3300025352_1|3300025352.a:Ga0207995_100866	93.750	272	17	0	384	655	9346	9617	9.53e-108	409	48216	9620	255	255
AOJE01000051.1	3300012250_1|3300012250.a:Ga0136573_100302	80.120	664	119	11	28071	28726	11888	12546	5.54e-130	483	48216	12559	532	532
AOJE01000051.1	3300012118_4|3300012118.a:Ga0136594_1000735	80.120	664	119	11	28071	28726	9204	9862	5.54e-130	483	48216	9875	532	532
AOJE01000051.1	3300012027_2|3300012027.a:Ga0136609_1000515	80.120	664	119	11	28071	28726	11622	12280	5.54e-130	483	48216	12293	532	532
AOJE01000051.1	GCF_000337095.1|NZ_AOIV01000041.1	85.166	391	56	2	27976	28365	84704	84315	5.73e-105	399	48216	345306	333	333
AOJE01000051.1	2788500553|Ga0309023_1210	91.985	262	21	0	414	675	1	262	1.62e-95	368	48216	6413	241	241
AOJE01000051.1	2788500553|Ga0309023_1210	97.561	41	1	0	345	385	1	41	1.42e-06	73.1	48216	6413	40	40
AOJE01000051.1	3300012115_1|3300012115.a:Ga0136592_1001478	81.075	428	70	9	28071	28491	5262	5685	2.12e-84	331	48216	5690	347	347
AOJE01000051.1	3300012107_4|3300012107.a:Ga0136568_1000799	80.609	361	57	11	28071	28423	356	1	6.07e-65	267	48216	7600	291	291
AOJE01000051.1	GCA_000416085.1|KE356579.1	80.317	315	45	12	28060	28364	2746075	2746382	1.33e-51	222	48216	2982938	253	253
AOJE01000051.1	GCF_000337035.1|NZ_AOJL01000063.1	80.357	280	53	2	29194	29472	38957	39235	2.88e-48	211	48216	61013	225	225
AOJE01000051.1	GCF_004116405.1|NZ_SDIC01000007.1	88.485	165	16	2	27962	28123	16569	16405	8.08e-44	196	48216	298493	146	146
AOJE01000051.1	GCF_004116405.1|NZ_SDIC01000007.1	86.747	83	9	2	28112	28193	25062	25143	3.92e-12	91.6	48216	298493	72	72
AOJE01000051.1	GCF_003430825.1|NZ_CP024047.1	95.000	100	5	0	28060	28159	198333	198432	3.81e-32	158	48216	3521804	95	95
AOJE01000051.1	GCF_900100385.1|NZ_FNFC01000007.1	90.000	100	10	0	28060	28159	179103	179004	8.31e-24	130	48216	189529	90	90
AOJE01000051.1	GCF_003666015.1|NZ_QPLT01000018.1	98.551	69	1	0	2725	2793	28124	28192	1.39e-21	122	48216	70639	68	68
AOJE01000051.1	GCF_000336995.1|NZ_AOJI01000024.1	89.583	96	10	0	29377	29472	23736	23641	1.39e-21	122	48216	112899	86	86
AOJE01000051.1	GCF_000336935.1|NZ_AOME01000016.1	80.625	160	27	4	28367	28524	62055	61898	5.00e-21	121	48216	62559	129	129
AOJE01000051.1	GCF_000336935.1|NZ_AOME01000016.1	83.505	97	14	2	28349	28444	62170	62075	1.41e-11	89.8	48216	62559	81	81
AOJE01000051.1	GCF_900188065.1|NZ_FZNQ01000004.1	84.536	97	12	2	28066	28159	230436	230532	1.09e-12	93.5	48216	232085	82	82
AOJE01000051.1	GCF_003841505.1|NZ_REGA01000001.1	84.536	97	12	1	28066	28159	402132	402228	1.09e-12	93.5	48216	501894	82	82
AOJE01000051.1	GCF_002355655.1|NZ_AP017569.1	93.651	63	3	1	11755	11816	964383	964321	1.09e-12	93.5	48216	2835595	59	59
AOJE01000051.1	GCA_003020985.1|PXRM01000019.1	83.838	99	13	2	28056	28151	40702	40800	3.92e-12	91.6	48216	57702	83	83
AOJE01000051.1	3300026140_7|3300026140.a:Ga0209917_1000854	84.946	93	10	2	28066	28155	597	688	3.92e-12	91.6	48216	12639	79	79
AOJE01000051.1	GCF_900102375.1|NZ_FNBO01000001.1	84.783	92	11	2	28071	28159	574553	574644	1.41e-11	89.8	48216	574799	78	78
AOJE01000051.1	GCF_000739595.1|NZ_BBJP01000012.1	91.045	67	5	1	11755	11820	82546	82480	1.41e-11	89.8	48216	98410	61	61
AOJE01000051.1	2636416117|Ga0097771_1022	91.045	67	5	1	11755	11820	10598	10532	1.41e-11	89.8	48216	36570	61	61
AOJE01000051.1	GCF_900156425.1|NZ_FTNO01000004.1	83.000	100	14	1	28063	28159	66014	66113	5.07e-11	87.9	48216	397787	83	83
AOJE01000051.1	GCF_003369835.1|NZ_QPMJ01000002.1	92.063	63	4	1	11755	11816	948541	948603	5.07e-11	87.9	48216	1580738	58	58
AOJE01000051.1	GCA_007118145.1|SKSD01000056.1	83.505	97	13	1	28066	28159	103	7	5.07e-11	87.9	48216	88318	81	81
AOJE01000051.1	GCF_000517625.1|NZ_CP007056.1	83.871	93	12	1	28071	28160	373562	373470	1.82e-10	86.1	48216	573680	78	78
AOJE01000051.1	GCF_000517625.1|NZ_CP007056.1	88.889	63	6	1	11755	11816	381440	381502	1.10e-07	76.8	48216	573680	56	56
AOJE01000051.1	GCF_007671685.1|NZ_VCNL01000004.1	96.078	51	2	0	3484	3534	387432	387482	6.56e-10	84.2	48216	398455	49	49
AOJE01000051.1	GCF_005435165.1|NZ_SGUC01000001.1	96.078	51	2	0	3484	3534	143865	143915	6.56e-10	84.2	48216	244706	49	49
AOJE01000051.1	GCF_003781945.1|NZ_RJJW01000002.1	96.078	51	2	0	3484	3534	323105	323055	6.56e-10	84.2	48216	540388	49	49
AOJE01000051.1	GCF_002286985.1|NZ_NSKC01000004.1	96.078	51	2	0	3484	3534	224171	224221	6.56e-10	84.2	48216	371683	49	49
AOJE01000051.1	GCF_002286985.1|NZ_NSKC01000004.1	100.000	41	0	0	3494	3534	225078	225118	1.10e-07	76.8	48216	371683	41	41
AOJE01000051.1	GCF_000337915.1|NZ_AOJE01000021.1	96.078	51	2	0	3484	3534	124771	124821	6.56e-10	84.2	48216	177830	49	49
AOJE01000051.1	GCF_000337355.1|NZ_AOJH01000021.1	96.078	51	2	0	3484	3534	15486	15436	6.56e-10	84.2	48216	30910	49	49
AOJE01000051.1	GCF_000336935.1|NZ_AOME01000058.1	82.979	94	14	2	28349	28441	159	251	6.56e-10	84.2	48216	258	78	78
AOJE01000051.1	GCF_000022205.1|NC_012029.1	96.078	51	2	0	3484	3534	2639478	2639528	6.56e-10	84.2	48216	2735295	49	49
AOJE01000051.1	3300026989_7|3300026989.a:Ga0207756_100242	96.078	51	2	0	3484	3534	25288	25338	6.56e-10	84.2	48216	26172	49	49
AOJE01000051.1	3300026986_7|3300026986.a:Ga0207850_100100	96.078	51	2	0	3484	3534	61142	61092	6.56e-10	84.2	48216	87524	49	49
AOJE01000051.1	3300026560_1|3300026560.a:Ga0208282_10012	96.078	51	2	0	3484	3534	72004	72054	6.56e-10	84.2	48216	99691	49	49
AOJE01000051.1	3300025361_7|3300025361.a:Ga0208412_1000104	96.078	51	2	0	3484	3534	35718	35768	6.56e-10	84.2	48216	63196	49	49
AOJE01000051.1	3300025361_2|3300025361.a:Ga0208412_1000105	85.897	78	11	0	28071	28148	63066	63143	6.56e-10	84.2	48216	63143	67	67
AOJE01000051.1	3300012265_5|3300012265.a:Ga0136603_1000078	96.078	51	2	0	3484	3534	27479	27429	6.56e-10	84.2	48216	35635	49	49
AOJE01000051.1	3300012250_2|3300012250.a:Ga0136573_100047	96.078	51	2	0	3484	3534	10790	10840	6.56e-10	84.2	48216	38524	49	49
AOJE01000051.1	3300012128_4|3300012128.a:Ga0136582_1000002	96.078	51	2	0	3484	3534	73518	73468	6.56e-10	84.2	48216	109418	49	49
AOJE01000051.1	3300012116_3|3300012116.a:Ga0136581_1000036	96.078	51	2	0	3484	3534	27689	27639	6.56e-10	84.2	48216	63589	49	49
AOJE01000051.1	3300012110_4|3300012110.a:Ga0136593_1000018	96.078	51	2	0	3484	3534	27479	27429	6.56e-10	84.2	48216	63185	49	49
AOJE01000051.1	3300012108_5|3300012108.a:Ga0136562_100065	96.078	51	2	0	3484	3534	27479	27429	6.56e-10	84.2	48216	49790	49	49
AOJE01000051.1	3300012106_7|3300012106.a:Ga0136575_100105	96.078	51	2	0	3484	3534	207	157	6.56e-10	84.2	48216	35920	49	49
AOJE01000051.1	3300012029_5|3300012029.a:Ga0136572_1000226	96.078	51	2	0	3484	3534	207	157	6.56e-10	84.2	48216	22518	49	49
AOJE01000051.1	3300012025_8|3300012025.a:Ga0136571_100897	83.696	92	12	1	28071	28159	92	1	6.56e-10	84.2	48216	9180	77	77
AOJE01000051.1	3300011171_5|3300011171.a:Ga0136580_100008	96.078	51	2	0	3484	3534	27479	27429	6.56e-10	84.2	48216	63305	49	49
AOJE01000051.1	3300011170_2|3300011170.a:Ga0136570_100003	96.078	51	2	0	3484	3534	93666	93616	6.56e-10	84.2	48216	129566	49	49
AOJE01000051.1	3300011169_2|3300011169.a:Ga0136569_100320	83.696	92	12	1	28071	28159	92	1	6.56e-10	84.2	48216	11713	77	77
AOJE01000051.1	2671180119|Ga0123509_160	96.078	51	2	0	3484	3534	192971	193021	6.56e-10	84.2	48216	2698450	49	49
AOJE01000051.1	2140918027_3|2140918027.a:contig00048	96.078	51	2	0	3484	3534	6656	6706	6.56e-10	84.2	48216	34587	49	49
AOJE01000051.1	2140918017_4|2140918017.a:Contig_8074	96.078	51	2	0	3484	3534	1738	1688	6.56e-10	84.2	48216	11473	49	49
AOJE01000051.1	GCF_000336875.1|NZ_AOJK01000030.1	87.500	72	8	1	11746	11816	4416	4487	2.36e-09	82.4	48216	13233	63	63
AOJE01000051.1	3300000361_15|3300000361.a:SL_6KL_011_BRINEDRAFT_1000223	82.474	97	14	1	28066	28159	23046	22950	2.36e-09	82.4	48216	23081	80	80
AOJE01000051.1	GCF_003298465.1|NZ_QNGA01000001.1	82.474	97	11	5	28066	28158	1030306	1030400	8.49e-09	80.5	48216	1755665	80	80
AOJE01000051.1	GCF_000739595.1|NZ_BBJP01000030.1	95.918	49	2	0	3484	3532	132670	132718	8.49e-09	80.5	48216	173419	47	47
AOJE01000051.1	GCF_000336715.1|NZ_AOMF01000118.1	85.526	76	11	0	6472	6547	8679	8754	8.49e-09	80.5	48216	9778	65	65
AOJE01000051.1	2636416117|Ga0097771_1020	95.918	49	2	0	3484	3532	19551	19599	8.49e-09	80.5	48216	38480	47	47
AOJE01000051.1	GCF_007671725.1|NZ_VCNM01000001.1	94.118	51	3	0	3484	3534	1381519	1381569	3.05e-08	78.7	48216	1474589	48	48
AOJE01000051.1	GCF_005576615.1|NZ_CP040330.1	82.609	92	13	3	28071	28159	2772084	2772175	3.05e-08	78.7	48216	3747116	76	76
AOJE01000051.1	GCF_002286985.1|NZ_NSKC01000003.1	95.833	48	2	0	3484	3531	262560	262513	3.05e-08	78.7	48216	503891	46	46
AOJE01000051.1	GCF_000337375.1|NZ_AOJG01000025.1	94.231	52	2	1	3484	3534	45928	45979	3.05e-08	78.7	48216	148576	49	49
AOJE01000051.1	3300025343_6|3300025343.a:Ga0208138_100061	94.118	51	3	0	3484	3534	79046	78996	3.05e-08	78.7	48216	88795	48	48
AOJE01000051.1	3300012109_1|3300012109.a:Ga0136583_1000223	88.060	67	7	1	11755	11820	2905	2839	3.05e-08	78.7	48216	14877	59	59
AOJE01000051.1	3300012107_4|3300012107.a:Ga0136568_1000253	88.060	67	7	1	11755	11820	2510	2444	3.05e-08	78.7	48216	13814	59	59
AOJE01000051.1	GCF_013402875.1|NZ_CP058579.1	83.951	81	12	1	28079	28158	1195240	1195320	1.10e-07	76.8	48216	4019272	68	68
AOJE01000051.1	3300027784_28|3300027784.a:Ga0207421_10034019	95.745	47	2	0	11756	11802	211	165	1.10e-07	76.8	48216	3674	45	45
AOJE01000051.1	3300000361_15|3300000361.a:SL_6KL_011_BRINEDRAFT_1003696	95.745	47	2	0	3488	3534	6338	6292	1.10e-07	76.8	48216	7328	45	45
AOJE01000051.1	GCF_004116405.1|NZ_SDIC01000002.1	80.392	102	16	4	28089	28189	334323	334225	3.95e-07	75.0	48216	745707	82	82
AOJE01000051.1	GCF_002727125.1|NZ_NHOA01000037.1	93.878	49	3	0	3484	3532	32807	32855	3.95e-07	75.0	48216	37581	46	46
AOJE01000051.1	GCF_002252755.1|NZ_NHOY01000083.1	92.157	51	4	0	3484	3534	6842	6892	1.42e-06	73.1	48216	26251	47	47
AOJE01000051.1	2791355075|Ga0309038_1153	92.157	51	4	0	3484	3534	409	359	1.42e-06	73.1	48216	6847	47	47
AOJE01000051.1	2791355068|Ga0309036_1012	92.157	51	4	0	3484	3534	11833	11783	1.42e-06	73.1	48216	18608	47	47
AOJE01000051.1	2791355067|Ga0309037_1035	92.157	51	4	0	3484	3534	4878	4928	1.42e-06	73.1	48216	5038	47	47
AOJE01000051.1	3300027082_6|3300027082.a:Ga0207414_1000213	93.617	47	3	0	11755	11801	741	695	5.11e-06	71.3	48216	28278	44	44
AOJE01000051.1	GCF_900102375.1|NZ_FNBO01000021.1	90.385	52	5	0	11764	11815	22070	22019	1.84e-05	69.4	48216	30457	47	47
AOJE01000051.1	GCF_013342525.1|NZ_JABURX010000001.1	91.837	49	4	0	11757	11805	1634548	1634596	1.84e-05	69.4	48216	2607022	45	45
AOJE01000051.1	GCA_001564285.1|LKNF01000016.1	91.837	49	4	0	28066	28114	19990	20038	1.84e-05	69.4	48216	20038	45	45
AOJE01000051.1	GCF_003781945.1|NZ_RJJW01000009.1	85.294	68	7	2	11755	11819	84907	84840	6.61e-05	67.6	48216	165992	58	58
AOJE01000051.1	GCF_003781945.1|NZ_RJJW01000005.1	100.000	36	0	0	17230	17265	32400	32435	6.61e-05	67.6	48216	339990	36	36
AOJE01000051.1	GCF_000336875.1|NZ_AOJK01000035.1	85.075	67	9	1	11755	11820	454	520	6.61e-05	67.6	48216	20681	57	57
AOJE01000051.1	GCA_000715825.1|KL570783.1	100.000	36	0	0	46455	46490	9146	9181	6.61e-05	67.6	48216	79308	36	36
AOJE01000051.1	GCF_003990725.2|NZ_CP030065.1	86.667	60	7	1	11755	11813	284567	284508	2.38e-04	65.8	48216	300774	52	52
AOJE01000051.1	GCF_002727125.1|NZ_NHOA01000029.1	85.714	63	8	1	11755	11816	17919	17981	2.38e-04	65.8	48216	71346	54	54
AOJE01000051.1	GCF_001469955.1|NZ_LOPU01000004.1	80.682	88	14	1	28071	28155	201948	201861	2.38e-04	65.8	48216	239723	71	71
AOJE01000051.1	GCF_002551245.1|NZ_NTGZ01000605.1	100.000	34	0	0	46457	46490	422	455	8.55e-04	63.9	48216	458	34	34
AOJE01000051.1	GCF_002551245.1|NZ_NTGZ01000373.1	97.297	37	1	0	46454	46490	43	7	8.55e-04	63.9	48216	5330	36	36
AOJE01000051.1	GCF_000337535.1|NZ_AOIP01000056.1	97.368	38	0	1	46454	46490	97162	97199	8.55e-04	63.9	48216	117936	37	37
AOJE01000051.1	GCF_000337495.1|NZ_AOIS01000003.1	97.297	37	1	0	46454	46490	55195	55231	8.55e-04	63.9	48216	144411	36	36
AOJE01000051.1	GCF_000337175.1|NZ_AOIJ01000046.1	100.000	34	0	0	46457	46490	48754	48721	8.55e-04	63.9	48216	65729	34	34
AOJE01000051.1	GCA_000715635.1|KL569102.1	100.000	34	0	0	46457	46490	62085	62118	8.55e-04	63.9	48216	86901	34	34
AOJE01000051.1	GCA_000715615.1|KL568917.1	100.000	34	0	0	46457	46490	135310	135277	8.55e-04	63.9	48216	138696	34	34
AOJE01000051.1	GCA_000715615.1|KL568859.1	100.000	34	0	0	46457	46490	59224	59191	8.55e-04	63.9	48216	121101	34	34
