Observation_n,Distance,Score,Channel,Unused,Counts
0,3,24,0,0.0,0.03333333333333333
0,10,24,0,0.0,0.1
0,10,26,0,0.0,0.03333333333333333
0,11,24,0,0.0,0.3
0,11,25,0,0.0,0.1
0,11,26,0,0.0,0.03333333333333333
0,12,24,0,0.0,0.2
0,18,24,0,0.0,0.03333333333333333
0,19,24,0,0.0,0.3
0,20,24,0,0.0,0.13333333333333333
0,20,25,0,0.0,0.03333333333333333
0,21,24,0,0.0,0.03333333333333333
0,21,25,0,0.0,0.03333333333333333
0,22,24,0,0.0,0.1
0,23,24,0,0.0,0.03333333333333333
0,24,24,0,0.0,0.16666666666666666
1,12,24,0,0.0,0.1
1,13,24,0,0.0,0.23333333333333334
1,13,25,0,0.0,0.03333333333333333
1,13,26,0,0.0,0.03333333333333333
1,14,24,0,0.0,0.3
1,14,25,0,0.0,0.06666666666666667
1,14,26,0,0.0,0.03333333333333333
1,19,24,0,0.0,0.03333333333333333
1,20,24,0,0.0,0.43333333333333335
1,20,25,0,0.0,0.03333333333333333
1,22,24,0,0.0,0.06666666666666667
1,22,25,0,0.0,0.03333333333333333
1,23,24,0,0.0,0.06666666666666667
1,24,24,0,0.0,0.03333333333333333
1,25,24,0,0.0,0.16666666666666666
2,10,24,0,0.0,0.03333333333333333
2,11,24,0,0.0,0.03333333333333333
2,17,24,0,0.0,0.1
2,20,24,0,0.0,0.03333333333333333
2,21,24,0,0.0,0.13333333333333333
2,21,25,0,0.0,0.03333333333333333
2,22,24,0,0.0,0.26666666666666666
2,23,24,0,0.0,0.3333333333333333
2,23,25,0,0.0,0.03333333333333333
2,24,24,0,0.0,0.4666666666666667
2,24,25,0,0.0,0.1
2,24,26,0,0.0,0.06666666666666667
2,25,24,0,0.0,0.03333333333333333
3,17,24,0,0.0,0.16666666666666666
3,20,24,0,0.0,0.03333333333333333
3,21,24,0,0.0,0.1
3,21,25,0,0.0,0.03333333333333333
3,22,24,0,0.0,0.26666666666666666
3,23,24,0,0.0,0.16666666666666666
3,24,24,0,0.0,0.6333333333333333
3,24,25,0,0.0,0.13333333333333333
3,24,26,0,0.0,0.06666666666666667
3,25,24,0,0.0,0.06666666666666667
4,0,24,0,0.0,0.03333333333333333
4,8,25,0,0.0,0.03333333333333333
4,17,24,0,0.0,0.03333333333333333
4,18,24,0,0.0,0.03333333333333333
4,19,24,0,0.0,0.23333333333333334
4,20,24,0,0.0,0.16666666666666666
4,21,24,0,0.0,0.7666666666666667
4,21,25,0,0.0,0.13333333333333333
4,21,26,0,0.0,0.06666666666666667
4,22,24,0,0.0,0.16666666666666666
5,0,24,0,0.0,0.03333333333333333
5,8,24,0,0.0,0.03333333333333333
5,10,24,0,0.0,0.06666666666666667
5,11,24,0,0.0,0.1
5,16,24,0,0.0,0.03333333333333333
5,18,24,0,0.0,0.3333333333333333
5,18,25,0,0.0,0.03333333333333333
5,19,24,0,0.0,0.5666666666666667
5,19,25,0,0.0,0.13333333333333333
5,19,26,0,0.0,0.06666666666666667
5,20,24,0,0.0,0.06666666666666667
5,21,24,0,0.0,0.03333333333333333
5,22,24,0,0.0,0.16666666666666666
6,0,24,0,0.0,0.03333333333333333
6,9,24,0,0.0,0.03333333333333333
6,10,24,0,0.0,0.06666666666666667
6,11,24,0,0.0,0.1
6,16,24,0,0.0,0.03333333333333333
6,18,24,0,0.0,0.3
6,18,25,0,0.0,0.03333333333333333
6,19,24,0,0.0,0.5333333333333333
6,19,25,0,0.0,0.13333333333333333
6,19,26,0,0.0,0.06666666666666667
6,20,24,0,0.0,0.06666666666666667
6,21,24,0,0.0,0.1
6,22,24,0,0.0,0.16666666666666666
7,7,24,0,0.0,0.03333333333333333
7,11,24,0,0.0,0.3333333333333333
7,11,25,0,0.0,0.1
7,11,26,0,0.0,0.06666666666666667
7,12,24,0,0.0,0.26666666666666666
7,18,24,0,0.0,0.03333333333333333
7,19,24,0,0.0,0.3
7,20,24,0,0.0,0.13333333333333333
7,20,25,0,0.0,0.03333333333333333
7,21,24,0,0.0,0.03333333333333333
7,21,25,0,0.0,0.03333333333333333
7,22,24,0,0.0,0.03333333333333333
7,23,24,0,0.0,0.1
7,24,24,0,0.0,0.13333333333333333
7,25,24,0,0.0,0.03333333333333333
8,18,24,0,0.0,0.03333333333333333
8,19,24,0,0.0,0.13333333333333333
8,21,24,0,0.0,0.03333333333333333
8,22,24,0,0.0,0.13333333333333333
8,22,25,0,0.0,0.03333333333333333
8,23,24,0,0.0,0.26666666666666666
8,24,24,0,0.0,0.3333333333333333
8,24,25,0,0.0,0.03333333333333333
8,25,24,0,0.0,0.5
8,25,25,0,0.0,0.1
8,25,26,0,0.0,0.06666666666666667
9,14,24,0,0.0,0.03333333333333333
9,19,24,0,0.0,0.03333333333333333
9,20,24,0,0.0,0.2
9,20,25,0,0.0,0.03333333333333333
9,21,24,0,0.0,0.06666666666666667
9,22,24,0,0.0,0.26666666666666666
9,23,24,0,0.0,0.36666666666666664
9,23,25,0,0.0,0.03333333333333333
9,24,24,0,0.0,0.4666666666666667
9,24,25,0,0.0,0.1
9,24,26,0,0.0,0.06666666666666667
10,18,24,0,0.0,0.03333333333333333
10,19,24,0,0.0,0.13333333333333333
10,21,24,0,0.0,0.03333333333333333
10,22,24,0,0.0,0.13333333333333333
10,22,25,0,0.0,0.03333333333333333
10,23,24,0,0.0,0.26666666666666666
10,24,24,0,0.0,0.3333333333333333
10,24,25,0,0.0,0.03333333333333333
10,25,24,0,0.0,0.5
10,25,25,0,0.0,0.1
10,25,26,0,0.0,0.06666666666666667
11,14,24,0,0.0,0.06666666666666667
11,17,24,0,0.0,0.06666666666666667
11,18,24,0,0.0,0.03333333333333333
11,21,24,0,0.0,0.13333333333333333
11,21,25,0,0.0,0.03333333333333333
11,22,24,0,0.0,0.2
11,23,24,0,0.0,0.16666666666666666
11,24,24,0,0.0,0.5333333333333333
11,24,25,0,0.0,0.1
11,24,26,0,0.0,0.06666666666666667
11,25,24,0,0.0,0.23333333333333334
11,25,25,0,0.0,0.03333333333333333
12,0,26,0,0.0,0.03333333333333333
12,6,24,0,0.0,0.13333333333333333
12,6,25,0,0.0,0.1
12,6,26,0,0.0,0.03333333333333333
12,7,24,0,0.0,0.03333333333333333
12,9,24,0,0.0,0.06666666666666667
12,10,24,0,0.0,0.03333333333333333
12,11,24,0,0.0,0.1
12,12,24,0,0.0,0.26666666666666666
12,18,24,0,0.0,0.03333333333333333
12,19,24,0,0.0,0.3
12,20,24,0,0.0,0.13333333333333333
12,20,25,0,0.0,0.03333333333333333
12,21,24,0,0.0,0.03333333333333333
12,21,25,0,0.0,0.03333333333333333
12,22,24,0,0.0,0.03333333333333333
12,23,24,0,0.0,0.1
12,24,24,0,0.0,0.16666666666666666
13,12,24,0,0.0,0.03333333333333333
13,13,24,0,0.0,0.1
13,13,25,0,0.0,0.03333333333333333
13,17,24,0,0.0,0.06666666666666667
13,18,24,0,0.0,0.2
13,19,24,0,0.0,0.3
13,20,24,0,0.0,0.4
13,20,25,0,0.0,0.1
13,20,26,0,0.0,0.06666666666666667
13,21,24,0,0.0,0.06666666666666667
13,21,25,0,0.0,0.03333333333333333
13,22,24,0,0.0,0.06666666666666667
13,23,24,0,0.0,0.13333333333333333
13,24,24,0,0.0,0.06666666666666667
14,19,24,0,0.0,0.03333333333333333
14,19,25,0,0.0,0.03333333333333333
14,20,24,0,0.0,0.03333333333333333
14,21,24,0,0.0,0.06666666666666667
14,22,24,0,0.0,0.3
14,23,24,0,0.0,0.4666666666666667
14,23,25,0,0.0,0.03333333333333333
14,24,24,0,0.0,0.5333333333333333
14,24,25,0,0.0,0.1
14,24,26,0,0.0,0.06666666666666667
15,7,24,0,0.0,0.03333333333333333
15,19,24,0,0.0,0.06666666666666667
15,20,24,0,0.0,0.13333333333333333
15,20,25,0,0.0,0.03333333333333333
15,21,24,0,0.0,0.36666666666666664
15,22,24,0,0.0,0.3333333333333333
15,22,25,0,0.0,0.03333333333333333
15,23,24,0,0.0,0.5
15,23,25,0,0.0,0.1
15,23,26,0,0.0,0.06666666666666667
16,13,24,0,0.0,0.03333333333333333
16,20,24,0,0.0,0.1
16,20,25,0,0.0,0.03333333333333333
16,21,24,0,0.0,0.23333333333333334
16,22,24,0,0.0,0.26666666666666666
16,23,24,0,0.0,0.4666666666666667
16,23,25,0,0.0,0.03333333333333333
16,23,26,0,0.0,0.03333333333333333
16,24,24,0,0.0,0.3333333333333333
16,24,25,0,0.0,0.1
16,24,26,0,0.0,0.03333333333333333
17,0,24,0,0.0,0.03333333333333333
17,5,24,0,0.0,0.03333333333333333
17,6,24,0,0.0,0.03333333333333333
17,7,24,0,0.0,0.06666666666666667
17,10,24,0,0.0,0.03333333333333333
17,11,24,0,0.0,0.1
17,12,24,0,0.0,0.3
17,12,25,0,0.0,0.1
17,12,26,0,0.0,0.06666666666666667
17,13,24,0,0.0,0.03333333333333333
17,19,24,0,0.0,0.23333333333333334
17,20,24,0,0.0,0.23333333333333334
17,20,25,0,0.0,0.03333333333333333
17,22,24,0,0.0,0.06666666666666667
17,22,25,0,0.0,0.03333333333333333
17,23,24,0,0.0,0.06666666666666667
17,24,24,0,0.0,0.13333333333333333
17,25,24,0,0.0,0.06666666666666667
18,6,24,0,0.0,0.03333333333333333
18,19,24,0,0.0,0.06666666666666667
18,20,24,0,0.0,0.03333333333333333
18,20,25,0,0.0,0.03333333333333333
18,21,24,0,0.0,0.43333333333333335
18,22,24,0,0.0,0.2
18,23,24,0,0.0,0.6
18,23,25,0,0.0,0.13333333333333333
18,23,26,0,0.0,0.06666666666666667
18,24,24,0,0.0,0.06666666666666667
19,0,24,0,0.0,0.03333333333333333
19,19,24,0,0.0,0.03333333333333333
19,20,24,0,0.0,0.06666666666666667
19,20,25,0,0.0,0.03333333333333333
19,21,24,0,0.0,0.43333333333333335
19,22,24,0,0.0,0.13333333333333333
19,23,24,0,0.0,0.6333333333333333
19,23,25,0,0.0,0.13333333333333333
19,23,26,0,0.0,0.06666666666666667
19,24,24,0,0.0,0.1
20,0,24,0,0.0,0.03333333333333333
20,9,24,0,0.0,0.1
20,10,24,0,0.0,0.16666666666666666
20,10,25,0,0.0,0.1
20,10,26,0,0.0,0.06666666666666667
20,11,24,0,0.0,0.2
20,12,24,0,0.0,0.13333333333333333
20,18,24,0,0.0,0.03333333333333333
20,19,24,0,0.0,0.43333333333333335
20,19,25,0,0.0,0.03333333333333333
20,21,24,0,0.0,0.06666666666666667
20,21,25,0,0.0,0.03333333333333333
20,22,24,0,0.0,0.06666666666666667
20,23,24,0,0.0,0.03333333333333333
20,24,24,0,0.0,0.16666666666666666
21,0,24,0,0.0,0.03333333333333333
21,4,24,0,0.0,0.03333333333333333
21,5,24,0,0.0,0.03333333333333333
21,7,24,0,0.0,0.06666666666666667
21,10,24,0,0.0,0.03333333333333333
21,11,24,0,0.0,0.2
21,12,24,0,0.0,0.23333333333333334
21,12,25,0,0.0,0.1
21,12,26,0,0.0,0.06666666666666667
21,19,24,0,0.0,0.26666666666666666
21,20,24,0,0.0,0.2
21,20,25,0,0.0,0.03333333333333333
21,22,24,0,0.0,0.06666666666666667
21,22,25,0,0.0,0.03333333333333333
21,23,24,0,0.0,0.1
21,24,24,0,0.0,0.13333333333333333
21,25,24,0,0.0,0.03333333333333333
22,19,24,0,0.0,0.03333333333333333
22,19,25,0,0.0,0.03333333333333333
22,20,24,0,0.0,0.03333333333333333
22,21,24,0,0.0,0.06666666666666667
22,22,24,0,0.0,0.26666666666666666
22,23,24,0,0.0,0.43333333333333335
22,23,25,0,0.0,0.03333333333333333
22,24,24,0,0.0,0.5666666666666667
22,24,25,0,0.0,0.1
22,24,26,0,0.0,0.06666666666666667
22,25,24,0,0.0,0.03333333333333333
23,5,24,0,0.0,0.1
23,6,24,0,0.0,0.06666666666666667
23,8,24,0,0.0,0.03333333333333333
23,11,24,0,0.0,0.3333333333333333
23,11,25,0,0.0,0.1
23,11,26,0,0.0,0.06666666666666667
23,12,24,0,0.0,0.1
23,18,24,0,0.0,0.03333333333333333
23,19,24,0,0.0,0.3
23,20,24,0,0.0,0.13333333333333333
23,20,25,0,0.0,0.03333333333333333
23,21,24,0,0.0,0.03333333333333333
23,21,25,0,0.0,0.03333333333333333
23,22,24,0,0.0,0.1
23,23,24,0,0.0,0.03333333333333333
23,24,24,0,0.0,0.16666666666666666
24,0,24,0,0.0,0.03333333333333333
24,5,25,0,0.0,0.06666666666666667
24,5,26,0,0.0,0.03333333333333333
24,6,24,0,0.0,0.1
24,6,25,0,0.0,0.03333333333333333
24,6,26,0,0.0,0.03333333333333333
24,7,24,0,0.0,0.03333333333333333
24,9,24,0,0.0,0.06666666666666667
24,10,24,0,0.0,0.03333333333333333
24,11,24,0,0.0,0.1
24,12,24,0,0.0,0.26666666666666666
24,18,24,0,0.0,0.03333333333333333
24,19,24,0,0.0,0.3
24,20,24,0,0.0,0.13333333333333333
24,20,25,0,0.0,0.03333333333333333
24,21,24,0,0.0,0.03333333333333333
24,21,25,0,0.0,0.03333333333333333
24,22,24,0,0.0,0.03333333333333333
24,23,24,0,0.0,0.1
24,24,24,0,0.0,0.16666666666666666
25,4,24,0,0.0,0.03333333333333333
25,5,24,0,0.0,0.1
25,5,25,0,0.0,0.1
25,5,26,0,0.0,0.06666666666666667
25,6,24,0,0.0,0.03333333333333333
25,9,24,0,0.0,0.1
25,11,24,0,0.0,0.16666666666666666
25,12,24,0,0.0,0.2
25,18,24,0,0.0,0.03333333333333333
25,19,24,0,0.0,0.3333333333333333
25,20,24,0,0.0,0.1
25,20,25,0,0.0,0.03333333333333333
25,21,24,0,0.0,0.03333333333333333
25,21,25,0,0.0,0.03333333333333333
25,22,24,0,0.0,0.1
25,23,24,0,0.0,0.03333333333333333
25,24,24,0,0.0,0.16666666666666666
26,7,24,0,0.0,0.06666666666666667
26,8,24,0,0.0,0.1
26,9,24,0,0.0,0.03333333333333333
26,11,24,0,0.0,0.23333333333333334
26,11,25,0,0.0,0.06666666666666667
26,11,26,0,0.0,0.06666666666666667
26,12,24,0,0.0,0.2
26,12,25,0,0.0,0.03333333333333333
26,19,24,0,0.0,0.3
26,20,24,0,0.0,0.16666666666666666
26,20,25,0,0.0,0.03333333333333333
26,21,24,0,0.0,0.03333333333333333
26,21,25,0,0.0,0.03333333333333333
26,22,24,0,0.0,0.03333333333333333
26,23,24,0,0.0,0.1
26,24,24,0,0.0,0.13333333333333333
26,25,24,0,0.0,0.03333333333333333
27,19,24,0,0.0,0.03333333333333333
27,19,25,0,0.0,0.03333333333333333
27,20,24,0,0.0,0.03333333333333333
27,21,24,0,0.0,0.06666666666666667
27,22,24,0,0.0,0.3
27,23,24,0,0.0,0.43333333333333335
27,23,25,0,0.0,0.03333333333333333
27,24,24,0,0.0,0.5666666666666667
27,24,25,0,0.0,0.1
27,24,26,0,0.0,0.06666666666666667
28,19,24,0,0.0,0.03333333333333333
28,19,25,0,0.0,0.03333333333333333
28,21,24,0,0.0,0.06666666666666667
28,22,24,0,0.0,0.26666666666666666
28,23,24,0,0.0,0.26666666666666666
28,24,24,0,0.0,0.7333333333333333
28,24,25,0,0.0,0.13333333333333333
28,24,26,0,0.0,0.06666666666666667
28,25,24,0,0.0,0.06666666666666667
29,19,24,0,0.0,0.03333333333333333
29,19,25,0,0.0,0.03333333333333333
29,21,24,0,0.0,0.06666666666666667
29,22,24,0,0.0,0.3
29,23,24,0,0.0,0.3
29,24,24,0,0.0,0.7
29,24,25,0,0.0,0.13333333333333333
29,24,26,0,0.0,0.06666666666666667
29,25,24,0,0.0,0.03333333333333333
30,19,24,0,0.0,0.03333333333333333
30,19,25,0,0.0,0.03333333333333333
30,21,24,0,0.0,0.06666666666666667
30,22,24,0,0.0,0.26666666666666666
30,23,24,0,0.0,0.16666666666666666
30,24,24,0,0.0,0.8
30,24,25,0,0.0,0.13333333333333333
30,24,26,0,0.0,0.06666666666666667
30,25,24,0,0.0,0.1
31,0,26,0,0.0,0.03333333333333333
31,3,24,0,0.0,0.03333333333333333
31,4,24,0,0.0,0.03333333333333333
31,4,25,0,0.0,0.03333333333333333
31,5,24,0,0.0,0.06666666666666667
31,5,25,0,0.0,0.06666666666666667
31,6,26,0,0.0,0.03333333333333333
31,7,24,0,0.0,0.03333333333333333
31,9,24,0,0.0,0.06666666666666667
31,10,24,0,0.0,0.03333333333333333
31,11,24,0,0.0,0.1
31,12,24,0,0.0,0.26666666666666666
31,19,24,0,0.0,0.3333333333333333
31,20,24,0,0.0,0.13333333333333333
31,20,25,0,0.0,0.03333333333333333
31,21,24,0,0.0,0.03333333333333333
31,21,25,0,0.0,0.03333333333333333
31,22,24,0,0.0,0.03333333333333333
31,23,24,0,0.0,0.1
31,24,24,0,0.0,0.13333333333333333
31,25,24,0,0.0,0.03333333333333333
32,0,24,0,0.0,0.03333333333333333
32,2,24,0,0.0,0.03333333333333333
32,17,24,0,0.0,0.1
32,20,24,0,0.0,0.03333333333333333
32,21,24,0,0.0,0.1
32,21,25,0,0.0,0.03333333333333333
32,22,24,0,0.0,0.26666666666666666
32,23,24,0,0.0,0.2
32,24,24,0,0.0,0.6
32,24,25,0,0.0,0.13333333333333333
32,24,26,0,0.0,0.06666666666666667
32,25,24,0,0.0,0.06666666666666667
33,0,24,0,0.0,0.03333333333333333
33,17,24,0,0.0,0.03333333333333333
33,17,25,0,0.0,0.03333333333333333
33,20,24,0,0.0,0.1
33,21,24,0,0.0,0.3
33,22,24,0,0.0,0.6333333333333333
33,22,25,0,0.0,0.03333333333333333
33,23,24,0,0.0,0.3333333333333333
33,23,25,0,0.0,0.1
33,23,26,0,0.0,0.06666666666666667
34,0,24,0,0.0,0.03333333333333333
34,7,24,0,0.0,0.03333333333333333
34,9,24,0,0.0,0.03333333333333333
34,10,24,0,0.0,0.03333333333333333
34,11,24,0,0.0,0.1
34,17,24,0,0.0,0.03333333333333333
34,18,24,0,0.0,0.26666666666666666
34,18,25,0,0.0,0.03333333333333333
34,19,24,0,0.0,0.5666666666666667
34,19,25,0,0.0,0.13333333333333333
34,19,26,0,0.0,0.06666666666666667
34,20,24,0,0.0,0.06666666666666667
34,21,24,0,0.0,0.1
34,22,24,0,0.0,0.13333333333333333
34,23,24,0,0.0,0.03333333333333333
35,17,24,0,0.0,0.06666666666666667
35,18,24,0,0.0,0.1
35,21,24,0,0.0,0.1
35,21,25,0,0.0,0.03333333333333333
35,22,24,0,0.0,0.1
35,23,24,0,0.0,0.26666666666666666
35,24,24,0,0.0,0.36666666666666664
35,24,25,0,0.0,0.03333333333333333
35,25,24,0,0.0,0.43333333333333335
35,25,25,0,0.0,0.1
35,25,26,0,0.0,0.06666666666666667
36,0,24,0,0.0,0.03333333333333333
36,5,25,0,0.0,0.03333333333333333
36,6,24,0,0.0,0.03333333333333333
36,9,24,0,0.0,0.06666666666666667
36,17,24,0,0.0,0.06666666666666667
36,18,24,0,0.0,0.16666666666666666
36,19,24,0,0.0,0.3
36,20,24,0,0.0,0.43333333333333335
36,20,25,0,0.0,0.1
36,20,26,0,0.0,0.06666666666666667
36,21,24,0,0.0,0.06666666666666667
36,21,25,0,0.0,0.03333333333333333
36,22,24,0,0.0,0.06666666666666667
36,23,24,0,0.0,0.1
36,24,24,0,0.0,0.1
37,17,24,0,0.0,0.1
37,18,24,0,0.0,0.16666666666666666
37,19,24,0,0.0,0.06666666666666667
37,20,24,0,0.0,0.5333333333333333
37,20,25,0,0.0,0.1
37,20,26,0,0.0,0.06666666666666667
37,21,24,0,0.0,0.3
37,21,25,0,0.0,0.06666666666666667
37,22,24,0,0.0,0.06666666666666667
37,23,24,0,0.0,0.1
37,24,24,0,0.0,0.1
38,0,25,0,0.0,0.03333333333333333
38,4,24,0,0.0,0.03333333333333333
38,4,25,0,0.0,0.03333333333333333
38,5,24,0,0.0,0.1
38,5,25,0,0.0,0.03333333333333333
38,5,26,0,0.0,0.03333333333333333
38,6,26,0,0.0,0.03333333333333333
38,7,24,0,0.0,0.03333333333333333
38,9,24,0,0.0,0.06666666666666667
38,10,24,0,0.0,0.03333333333333333
38,11,24,0,0.0,0.1
38,12,24,0,0.0,0.26666666666666666
38,18,24,0,0.0,0.03333333333333333
38,19,24,0,0.0,0.3
38,20,24,0,0.0,0.13333333333333333
38,20,25,0,0.0,0.03333333333333333
38,21,24,0,0.0,0.03333333333333333
38,21,25,0,0.0,0.03333333333333333
38,22,24,0,0.0,0.03333333333333333
38,23,24,0,0.0,0.1
38,24,24,0,0.0,0.13333333333333333
38,25,24,0,0.0,0.03333333333333333
39,0,24,0,0.0,0.03333333333333333
39,10,24,0,0.0,0.03333333333333333
39,11,24,0,0.0,0.43333333333333335
39,11,25,0,0.0,0.1
39,11,26,0,0.0,0.06666666666666667
39,12,24,0,0.0,0.13333333333333333
39,18,24,0,0.0,0.03333333333333333
39,19,24,0,0.0,0.43333333333333335
39,19,25,0,0.0,0.03333333333333333
39,21,24,0,0.0,0.06666666666666667
39,21,25,0,0.0,0.03333333333333333
39,22,24,0,0.0,0.06666666666666667
39,23,24,0,0.0,0.03333333333333333
39,24,24,0,0.0,0.16666666666666666
40,0,24,0,0.0,0.03333333333333333
40,6,24,0,0.0,0.03333333333333333
40,9,24,0,0.0,0.1
40,9,25,0,0.0,0.06666666666666667
40,9,26,0,0.0,0.06666666666666667
40,10,24,0,0.0,0.1
40,10,25,0,0.0,0.03333333333333333
40,11,24,0,0.0,0.16666666666666666
40,12,24,0,0.0,0.2
40,18,24,0,0.0,0.03333333333333333
40,19,24,0,0.0,0.3
40,20,24,0,0.0,0.13333333333333333
40,20,25,0,0.0,0.03333333333333333
40,21,24,0,0.0,0.03333333333333333
40,21,25,0,0.0,0.03333333333333333
40,22,24,0,0.0,0.1
40,23,24,0,0.0,0.03333333333333333
40,24,24,0,0.0,0.16666666666666666
41,0,24,0,0.0,0.03333333333333333
41,5,24,0,0.0,0.06666666666666667
41,6,24,0,0.0,0.06666666666666667
41,9,24,0,0.0,0.03333333333333333
41,11,24,0,0.0,0.23333333333333334
41,11,25,0,0.0,0.06666666666666667
41,11,26,0,0.0,0.06666666666666667
41,12,24,0,0.0,0.2
41,12,25,0,0.0,0.03333333333333333
41,19,24,0,0.0,0.3
41,20,24,0,0.0,0.16666666666666666
41,20,25,0,0.0,0.03333333333333333
41,21,24,0,0.0,0.03333333333333333
41,21,25,0,0.0,0.03333333333333333
41,22,24,0,0.0,0.03333333333333333
41,23,24,0,0.0,0.1
41,24,24,0,0.0,0.13333333333333333
41,25,24,0,0.0,0.03333333333333333
42,0,24,0,0.0,0.03333333333333333
42,6,24,0,0.0,0.03333333333333333
42,9,24,0,0.0,0.06666666666666667
42,9,25,0,0.0,0.03333333333333333
42,17,24,0,0.0,0.06666666666666667
42,18,24,0,0.0,0.16666666666666666
42,19,24,0,0.0,0.3
42,20,24,0,0.0,0.43333333333333335
42,20,25,0,0.0,0.1
42,20,26,0,0.0,0.06666666666666667
42,21,24,0,0.0,0.06666666666666667
42,21,25,0,0.0,0.03333333333333333
42,22,24,0,0.0,0.06666666666666667
42,23,24,0,0.0,0.1
42,24,24,0,0.0,0.1
43,0,25,0,0.0,0.03333333333333333
43,5,24,0,0.0,0.03333333333333333
43,6,24,0,0.0,0.03333333333333333
43,9,24,0,0.0,0.06666666666666667
43,17,24,0,0.0,0.06666666666666667
43,18,24,0,0.0,0.16666666666666666
43,19,24,0,0.0,0.3
43,20,24,0,0.0,0.43333333333333335
43,20,25,0,0.0,0.1
43,20,26,0,0.0,0.06666666666666667
43,21,24,0,0.0,0.06666666666666667
43,21,25,0,0.0,0.03333333333333333
43,22,24,0,0.0,0.06666666666666667
43,23,24,0,0.0,0.1
43,24,24,0,0.0,0.1
44,4,24,0,0.0,0.03333333333333333
44,5,24,0,0.0,0.03333333333333333
44,6,24,0,0.0,0.03333333333333333
44,11,24,0,0.0,0.03333333333333333
44,12,24,0,0.0,0.4666666666666667
44,12,25,0,0.0,0.1
44,12,26,0,0.0,0.06666666666666667
44,13,24,0,0.0,0.03333333333333333
44,18,24,0,0.0,0.23333333333333334
44,19,24,0,0.0,0.23333333333333334
44,19,25,0,0.0,0.03333333333333333
44,21,24,0,0.0,0.06666666666666667
44,21,25,0,0.0,0.03333333333333333
44,22,24,0,0.0,0.06666666666666667
44,23,24,0,0.0,0.13333333333333333
44,24,24,0,0.0,0.06666666666666667
45,18,24,0,0.0,0.06666666666666667
45,19,24,0,0.0,0.06666666666666667
45,19,25,0,0.0,0.03333333333333333
45,20,24,0,0.0,0.43333333333333335
45,21,24,0,0.0,0.1
45,22,24,0,0.0,0.6666666666666666
45,22,25,0,0.0,0.13333333333333333
45,22,26,0,0.0,0.06666666666666667
45,23,24,0,0.0,0.1
46,19,24,0,0.0,0.03333333333333333
46,19,25,0,0.0,0.03333333333333333
46,21,24,0,0.0,0.1
46,22,24,0,0.0,0.26666666666666666
46,23,24,0,0.0,0.36666666666666664
46,23,25,0,0.0,0.03333333333333333
46,24,24,0,0.0,0.6333333333333333
46,24,25,0,0.0,0.1
46,24,26,0,0.0,0.06666666666666667
46,25,24,0,0.0,0.03333333333333333
47,0,24,0,0.0,0.03333333333333333
47,6,24,0,0.0,0.03333333333333333
47,9,24,0,0.0,0.06666666666666667
47,9,25,0,0.0,0.03333333333333333
47,17,24,0,0.0,0.06666666666666667
47,18,24,0,0.0,0.16666666666666666
47,19,24,0,0.0,0.3
47,20,24,0,0.0,0.43333333333333335
47,20,25,0,0.0,0.1
47,20,26,0,0.0,0.06666666666666667
47,21,24,0,0.0,0.06666666666666667
47,21,25,0,0.0,0.03333333333333333
47,22,24,0,0.0,0.06666666666666667
47,23,24,0,0.0,0.1
47,24,24,0,0.0,0.1
48,0,24,0,0.0,0.03333333333333333
48,4,24,0,0.0,0.03333333333333333
48,5,24,0,0.0,0.03333333333333333
48,7,24,0,0.0,0.06666666666666667
48,10,24,0,0.0,0.03333333333333333
48,11,24,0,0.0,0.2
48,12,24,0,0.0,0.23333333333333334
48,12,25,0,0.0,0.1
48,12,26,0,0.0,0.06666666666666667
48,19,24,0,0.0,0.26666666666666666
48,20,24,0,0.0,0.2
48,20,25,0,0.0,0.03333333333333333
48,22,24,0,0.0,0.06666666666666667
48,22,25,0,0.0,0.03333333333333333
48,23,24,0,0.0,0.1
48,24,24,0,0.0,0.13333333333333333
48,25,24,0,0.0,0.03333333333333333
49,18,24,0,0.0,0.03333333333333333
49,18,25,0,0.0,0.03333333333333333
49,20,24,0,0.0,0.06666666666666667
49,21,24,0,0.0,0.26666666666666666
49,22,24,0,0.0,0.26666666666666666
49,23,24,0,0.0,0.7333333333333333
49,23,25,0,0.0,0.13333333333333333
49,23,26,0,0.0,0.06666666666666667
49,24,24,0,0.0,0.06666666666666667
50,0,24,0,0.0,0.03333333333333333
50,6,24,0,0.0,0.03333333333333333
50,9,24,0,0.0,0.16666666666666666
50,9,25,0,0.0,0.06666666666666667
50,9,26,0,0.0,0.06666666666666667
50,10,24,0,0.0,0.03333333333333333
50,10,25,0,0.0,0.03333333333333333
50,11,24,0,0.0,0.16666666666666666
50,12,24,0,0.0,0.2
50,18,24,0,0.0,0.03333333333333333
50,19,24,0,0.0,0.3333333333333333
50,20,24,0,0.0,0.1
50,20,25,0,0.0,0.03333333333333333
50,21,24,0,0.0,0.03333333333333333
50,21,25,0,0.0,0.03333333333333333
50,22,24,0,0.0,0.1
50,23,24,0,0.0,0.03333333333333333
50,24,24,0,0.0,0.16666666666666666
51,0,24,0,0.0,0.03333333333333333
51,4,24,0,0.0,0.03333333333333333
51,4,25,0,0.0,0.03333333333333333
51,4,26,0,0.0,0.03333333333333333
51,5,24,0,0.0,0.03333333333333333
51,5,25,0,0.0,0.06666666666666667
51,6,24,0,0.0,0.03333333333333333
51,6,26,0,0.0,0.03333333333333333
51,7,24,0,0.0,0.03333333333333333
51,9,24,0,0.0,0.03333333333333333
51,10,24,0,0.0,0.06666666666666667
51,11,24,0,0.0,0.06666666666666667
51,12,24,0,0.0,0.3
51,19,24,0,0.0,0.3
51,20,24,0,0.0,0.16666666666666666
51,20,25,0,0.0,0.03333333333333333
51,21,24,0,0.0,0.03333333333333333
51,21,25,0,0.0,0.03333333333333333
51,22,24,0,0.0,0.03333333333333333
51,23,24,0,0.0,0.1
51,24,24,0,0.0,0.13333333333333333
51,25,24,0,0.0,0.03333333333333333
52,20,24,0,0.0,0.03333333333333333
52,20,25,0,0.0,0.03333333333333333
52,21,24,0,0.0,0.03333333333333333
52,22,24,0,0.0,0.1
52,23,24,0,0.0,0.3
52,24,24,0,0.0,0.6333333333333333
52,24,25,0,0.0,0.03333333333333333
52,25,24,0,0.0,0.3333333333333333
52,25,25,0,0.0,0.1
52,25,26,0,0.0,0.06666666666666667
53,0,25,0,0.0,0.03333333333333333
53,4,25,0,0.0,0.03333333333333333
53,5,24,0,0.0,0.13333333333333333
53,5,25,0,0.0,0.03333333333333333
53,5,26,0,0.0,0.03333333333333333
53,6,26,0,0.0,0.03333333333333333
53,7,24,0,0.0,0.03333333333333333
53,9,24,0,0.0,0.06666666666666667
53,10,24,0,0.0,0.03333333333333333
53,11,24,0,0.0,0.1
53,12,24,0,0.0,0.26666666666666666
53,19,24,0,0.0,0.3333333333333333
53,20,24,0,0.0,0.13333333333333333
53,20,25,0,0.0,0.03333333333333333
53,21,24,0,0.0,0.03333333333333333
53,21,25,0,0.0,0.03333333333333333
53,22,24,0,0.0,0.03333333333333333
53,23,24,0,0.0,0.1
53,24,24,0,0.0,0.13333333333333333
53,25,24,0,0.0,0.03333333333333333
54,11,24,0,0.0,0.03333333333333333
54,16,24,0,0.0,0.2
54,17,24,0,0.0,0.03333333333333333
54,18,24,0,0.0,0.3333333333333333
54,18,25,0,0.0,0.03333333333333333
54,19,24,0,0.0,0.5333333333333333
54,19,25,0,0.0,0.13333333333333333
54,19,26,0,0.0,0.06666666666666667
54,20,24,0,0.0,0.03333333333333333
54,21,24,0,0.0,0.1
54,22,24,0,0.0,0.16666666666666666
55,0,24,0,0.0,0.03333333333333333
55,5,24,0,0.0,0.03333333333333333
55,6,24,0,0.0,0.03333333333333333
55,12,24,0,0.0,0.43333333333333335
55,12,25,0,0.0,0.1
55,12,26,0,0.0,0.06666666666666667
55,13,24,0,0.0,0.1
55,18,24,0,0.0,0.1
55,19,24,0,0.0,0.36666666666666664
55,19,25,0,0.0,0.03333333333333333
55,21,24,0,0.0,0.06666666666666667
55,21,25,0,0.0,0.03333333333333333
55,22,24,0,0.0,0.06666666666666667
55,23,24,0,0.0,0.06666666666666667
55,24,24,0,0.0,0.13333333333333333
56,0,24,0,0.0,0.03333333333333333
56,6,24,0,0.0,0.03333333333333333
56,9,24,0,0.0,0.03333333333333333
56,11,24,0,0.0,0.13333333333333333
56,17,24,0,0.0,0.03333333333333333
56,18,24,0,0.0,0.06666666666666667
56,19,24,0,0.0,0.4666666666666667
56,19,25,0,0.0,0.1
56,19,26,0,0.0,0.06666666666666667
56,20,24,0,0.0,0.36666666666666664
56,20,25,0,0.0,0.06666666666666667
56,21,24,0,0.0,0.06666666666666667
56,22,24,0,0.0,0.1
56,23,24,0,0.0,0.1
57,0,24,0,0.0,0.03333333333333333
57,6,24,0,0.0,0.03333333333333333
57,7,24,0,0.0,0.03333333333333333
57,9,24,0,0.0,0.03333333333333333
57,10,24,0,0.0,0.03333333333333333
57,11,24,0,0.0,0.06666666666666667
57,16,24,0,0.0,0.03333333333333333
57,18,24,0,0.0,0.3333333333333333
57,18,25,0,0.0,0.03333333333333333
57,19,24,0,0.0,0.5333333333333333
57,19,25,0,0.0,0.13333333333333333
57,19,26,0,0.0,0.06666666666666667
57,20,24,0,0.0,0.03333333333333333
57,21,24,0,0.0,0.1
57,22,24,0,0.0,0.16666666666666666
58,17,24,0,0.0,0.03333333333333333
58,17,25,0,0.0,0.03333333333333333
58,19,24,0,0.0,0.06666666666666667
58,20,24,0,0.0,0.26666666666666666
58,21,24,0,0.0,0.13333333333333333
58,22,24,0,0.0,0.8333333333333334
58,22,25,0,0.0,0.13333333333333333
58,22,26,0,0.0,0.06666666666666667
58,23,24,0,0.0,0.1
59,19,24,0,0.0,0.03333333333333333
59,19,25,0,0.0,0.03333333333333333
59,20,24,0,0.0,0.03333333333333333
59,21,24,0,0.0,0.1
59,22,24,0,0.0,0.3
59,23,24,0,0.0,0.5
59,23,25,0,0.0,0.03333333333333333
59,24,24,0,0.0,0.4666666666666667
59,24,25,0,0.0,0.1
59,24,26,0,0.0,0.06666666666666667
60,16,24,0,0.0,0.03333333333333333
60,17,24,0,0.0,0.2
60,18,24,0,0.0,0.03333333333333333
60,19,24,0,0.0,0.36666666666666664
60,19,25,0,0.0,0.03333333333333333
60,20,24,0,0.0,0.5333333333333333
60,20,25,0,0.0,0.13333333333333333
60,20,26,0,0.0,0.06666666666666667
60,21,24,0,0.0,0.06666666666666667
60,22,24,0,0.0,0.03333333333333333
60,23,24,0,0.0,0.16666666666666666
61,16,24,0,0.0,0.03333333333333333
61,17,24,0,0.0,0.2
61,18,24,0,0.0,0.03333333333333333
61,19,24,0,0.0,0.3333333333333333
61,19,25,0,0.0,0.03333333333333333
61,20,24,0,0.0,0.5333333333333333
61,20,25,0,0.0,0.13333333333333333
61,20,26,0,0.0,0.06666666666666667
61,21,24,0,0.0,0.1
61,22,24,0,0.0,0.03333333333333333
61,23,24,0,0.0,0.16666666666666666
62,6,24,0,0.0,0.1
62,7,24,0,0.0,0.06666666666666667
62,9,24,0,0.0,0.03333333333333333
62,11,24,0,0.0,0.23333333333333334
62,11,25,0,0.0,0.06666666666666667
62,11,26,0,0.0,0.03333333333333333
62,12,24,0,0.0,0.2
62,12,25,0,0.0,0.03333333333333333
62,12,26,0,0.0,0.03333333333333333
62,19,24,0,0.0,0.3
62,20,24,0,0.0,0.16666666666666666
62,20,25,0,0.0,0.03333333333333333
62,21,24,0,0.0,0.03333333333333333
62,21,25,0,0.0,0.03333333333333333
62,22,24,0,0.0,0.03333333333333333
62,23,24,0,0.0,0.1
62,24,24,0,0.0,0.13333333333333333
62,25,24,0,0.0,0.03333333333333333
63,0,24,0,0.0,0.03333333333333333
63,5,24,0,0.0,0.06666666666666667
63,11,24,0,0.0,0.03333333333333333
63,12,24,0,0.0,0.4666666666666667
63,12,25,0,0.0,0.1
63,12,26,0,0.0,0.06666666666666667
63,13,24,0,0.0,0.03333333333333333
63,18,24,0,0.0,0.23333333333333334
63,19,24,0,0.0,0.23333333333333334
63,19,25,0,0.0,0.03333333333333333
63,21,24,0,0.0,0.06666666666666667
63,21,25,0,0.0,0.03333333333333333
63,22,24,0,0.0,0.1
63,23,24,0,0.0,0.1
63,24,24,0,0.0,0.06666666666666667
64,0,24,0,0.0,0.03333333333333333
64,11,24,0,0.0,0.03333333333333333
64,17,24,0,0.0,0.06666666666666667
64,18,24,0,0.0,0.03333333333333333
64,21,24,0,0.0,0.13333333333333333
64,21,25,0,0.0,0.03333333333333333
64,22,24,0,0.0,0.26666666666666666
64,23,24,0,0.0,0.1
64,24,24,0,0.0,0.6666666666666666
64,24,25,0,0.0,0.13333333333333333
64,24,26,0,0.0,0.06666666666666667
64,25,24,0,0.0,0.1
65,0,24,0,0.0,0.03333333333333333
65,4,25,0,0.0,0.03333333333333333
65,5,24,0,0.0,0.03333333333333333
65,5,25,0,0.0,0.03333333333333333
65,5,26,0,0.0,0.03333333333333333
65,6,24,0,0.0,0.06666666666666667
65,6,25,0,0.0,0.03333333333333333
65,6,26,0,0.0,0.03333333333333333
65,8,24,0,0.0,0.03333333333333333
65,10,24,0,0.0,0.1
65,11,24,0,0.0,0.06666666666666667
65,12,24,0,0.0,0.3
65,19,24,0,0.0,0.3
65,20,24,0,0.0,0.16666666666666666
65,20,25,0,0.0,0.03333333333333333
65,21,24,0,0.0,0.03333333333333333
65,21,25,0,0.0,0.03333333333333333
65,22,24,0,0.0,0.03333333333333333
65,23,24,0,0.0,0.1
65,24,24,0,0.0,0.13333333333333333
65,25,24,0,0.0,0.03333333333333333
66,0,24,0,0.0,0.03333333333333333
66,8,24,0,0.0,0.03333333333333333
66,11,24,0,0.0,0.16666666666666666
66,17,24,0,0.0,0.03333333333333333
66,18,24,0,0.0,0.16666666666666666
66,19,24,0,0.0,0.6333333333333333
66,19,25,0,0.0,0.16666666666666666
66,19,26,0,0.0,0.06666666666666667
66,20,24,0,0.0,0.1
66,21,24,0,0.0,0.1
66,22,24,0,0.0,0.13333333333333333
66,23,24,0,0.0,0.03333333333333333
67,0,24,0,0.0,0.03333333333333333
67,7,24,0,0.0,0.1
67,7,25,0,0.0,0.1
67,7,26,0,0.0,0.06666666666666667
67,8,24,0,0.0,0.03333333333333333
67,9,24,0,0.0,0.1
67,11,24,0,0.0,0.16666666666666666
67,12,24,0,0.0,0.2
67,18,24,0,0.0,0.03333333333333333
67,19,24,0,0.0,0.3
67,20,24,0,0.0,0.13333333333333333
67,20,25,0,0.0,0.03333333333333333
67,21,24,0,0.0,0.03333333333333333
67,21,25,0,0.0,0.03333333333333333
67,22,24,0,0.0,0.1
67,23,24,0,0.0,0.03333333333333333
67,24,24,0,0.0,0.16666666666666666
68,0,24,0,0.0,0.03333333333333333
68,9,24,0,0.0,0.03333333333333333
68,10,24,0,0.0,0.1
68,11,24,0,0.0,0.03333333333333333
68,12,24,0,0.0,0.3333333333333333
68,12,25,0,0.0,0.1
68,12,26,0,0.0,0.06666666666666667
68,13,24,0,0.0,0.1
68,19,24,0,0.0,0.1
68,20,24,0,0.0,0.36666666666666664
68,20,25,0,0.0,0.03333333333333333
68,22,24,0,0.0,0.06666666666666667
68,22,25,0,0.0,0.03333333333333333
68,23,24,0,0.0,0.06666666666666667
68,24,24,0,0.0,0.06666666666666667
68,25,24,0,0.0,0.13333333333333333
69,0,25,0,0.0,0.03333333333333333
69,4,24,0,0.0,0.06666666666666667
69,4,26,0,0.0,0.03333333333333333
69,5,25,0,0.0,0.06666666666666667
69,6,24,0,0.0,0.06666666666666667
69,6,26,0,0.0,0.03333333333333333
69,7,24,0,0.0,0.03333333333333333
69,10,24,0,0.0,0.1
69,11,24,0,0.0,0.06666666666666667
69,12,24,0,0.0,0.3
69,19,24,0,0.0,0.3
69,20,24,0,0.0,0.16666666666666666
69,20,25,0,0.0,0.03333333333333333
69,21,24,0,0.0,0.03333333333333333
69,21,25,0,0.0,0.03333333333333333
69,22,24,0,0.0,0.03333333333333333
69,23,24,0,0.0,0.1
69,24,24,0,0.0,0.13333333333333333
69,25,24,0,0.0,0.03333333333333333
70,0,24,0,0.0,0.03333333333333333
70,16,24,0,0.0,0.13333333333333333
70,17,24,0,0.0,0.1
70,18,24,0,0.0,0.06666666666666667
70,19,24,0,0.0,0.6666666666666666
70,19,25,0,0.0,0.16666666666666666
70,19,26,0,0.0,0.06666666666666667
70,20,24,0,0.0,0.16666666666666666
70,21,24,0,0.0,0.1
70,22,24,0,0.0,0.13333333333333333
70,23,24,0,0.0,0.03333333333333333
71,0,24,0,0.0,0.03333333333333333
71,18,24,0,0.0,0.03333333333333333
71,18,25,0,0.0,0.03333333333333333
71,19,24,0,0.0,0.1
71,20,24,0,0.0,0.4
71,21,24,0,0.0,0.43333333333333335
71,21,25,0,0.0,0.03333333333333333
71,22,24,0,0.0,0.43333333333333335
71,22,25,0,0.0,0.1
71,22,26,0,0.0,0.06666666666666667
72,17,24,0,0.0,0.06666666666666667
72,18,24,0,0.0,0.1
72,21,24,0,0.0,0.1
72,21,25,0,0.0,0.03333333333333333
72,22,24,0,0.0,0.06666666666666667
72,23,24,0,0.0,0.26666666666666666
72,24,24,0,0.0,0.4
72,24,25,0,0.0,0.03333333333333333
72,25,24,0,0.0,0.43333333333333335
72,25,25,0,0.0,0.1
72,25,26,0,0.0,0.06666666666666667
73,0,24,0,0.0,0.03333333333333333
73,19,24,0,0.0,0.03333333333333333
73,21,24,0,0.0,0.23333333333333334
73,21,25,0,0.0,0.03333333333333333
73,22,24,0,0.0,0.16666666666666666
73,23,24,0,0.0,0.16666666666666666
73,24,24,0,0.0,0.5
73,24,25,0,0.0,0.03333333333333333
73,24,26,0,0.0,0.03333333333333333
73,25,24,0,0.0,0.3
73,25,25,0,0.0,0.1
73,25,26,0,0.0,0.03333333333333333
74,0,24,0,0.0,0.03333333333333333
74,5,24,0,0.0,0.03333333333333333
74,6,24,0,0.0,0.03333333333333333
74,7,24,0,0.0,0.06666666666666667
74,11,24,0,0.0,0.1
74,12,24,0,0.0,0.3333333333333333
74,12,25,0,0.0,0.1
74,12,26,0,0.0,0.06666666666666667
74,13,24,0,0.0,0.03333333333333333
74,19,24,0,0.0,0.16666666666666666
74,20,24,0,0.0,0.3
74,20,25,0,0.0,0.03333333333333333
74,22,24,0,0.0,0.06666666666666667
74,22,25,0,0.0,0.03333333333333333
74,23,24,0,0.0,0.06666666666666667
74,24,24,0,0.0,0.1
74,25,24,0,0.0,0.1
75,19,24,0,0.0,0.03333333333333333
75,19,25,0,0.0,0.03333333333333333
75,20,24,0,0.0,0.06666666666666667
75,21,24,0,0.0,0.2
75,22,24,0,0.0,0.2
75,23,24,0,0.0,0.7
75,23,25,0,0.0,0.1
75,23,26,0,0.0,0.06666666666666667
75,24,24,0,0.0,0.23333333333333334
75,24,25,0,0.0,0.03333333333333333
76,17,24,0,0.0,0.06666666666666667
76,18,24,0,0.0,0.2
76,19,24,0,0.0,0.03333333333333333
76,20,24,0,0.0,0.4
76,20,25,0,0.0,0.03333333333333333
76,21,24,0,0.0,0.4666666666666667
76,21,25,0,0.0,0.13333333333333333
76,21,26,0,0.0,0.06666666666666667
76,22,24,0,0.0,0.06666666666666667
76,23,24,0,0.0,0.03333333333333333
76,24,24,0,0.0,0.16666666666666666
77,0,24,0,0.0,0.03333333333333333
77,3,26,0,0.0,0.03333333333333333
77,4,24,0,0.0,0.03333333333333333
77,4,25,0,0.0,0.03333333333333333
77,5,25,0,0.0,0.06666666666666667
77,6,24,0,0.0,0.06666666666666667
77,6,26,0,0.0,0.03333333333333333
77,7,24,0,0.0,0.03333333333333333
77,9,24,0,0.0,0.03333333333333333
77,10,24,0,0.0,0.06666666666666667
77,11,24,0,0.0,0.06666666666666667
77,12,24,0,0.0,0.3
77,19,24,0,0.0,0.3
77,20,24,0,0.0,0.16666666666666666
77,20,25,0,0.0,0.03333333333333333
77,21,24,0,0.0,0.03333333333333333
77,21,25,0,0.0,0.03333333333333333
77,22,24,0,0.0,0.03333333333333333
77,23,24,0,0.0,0.1
77,24,24,0,0.0,0.13333333333333333
77,25,24,0,0.0,0.03333333333333333
78,19,24,0,0.0,0.03333333333333333
78,19,25,0,0.0,0.03333333333333333
78,20,24,0,0.0,0.03333333333333333
78,21,24,0,0.0,0.06666666666666667
78,22,24,0,0.0,0.3
78,23,24,0,0.0,0.5333333333333333
78,23,25,0,0.0,0.03333333333333333
78,24,24,0,0.0,0.4666666666666667
78,24,25,0,0.0,0.1
78,24,26,0,0.0,0.06666666666666667
79,60,24,0,0.0,1.0
79,60,25,0,0.0,0.16666666666666666
79,60,26,0,0.0,0.06666666666666667
80,0,24,0,0.0,0.03333333333333333
80,2,24,0,0.0,0.03333333333333333
80,17,24,0,0.0,0.1
80,20,24,0,0.0,0.03333333333333333
80,21,24,0,0.0,0.13333333333333333
80,21,25,0,0.0,0.03333333333333333
80,22,24,0,0.0,0.26666666666666666
80,23,24,0,0.0,0.3333333333333333
80,23,25,0,0.0,0.03333333333333333
80,24,24,0,0.0,0.5
80,24,25,0,0.0,0.1
80,24,26,0,0.0,0.06666666666666667
81,0,24,0,0.0,0.03333333333333333
81,11,24,0,0.0,0.5
81,11,25,0,0.0,0.1
81,11,26,0,0.0,0.06666666666666667
81,12,24,0,0.0,0.1
81,18,24,0,0.0,0.13333333333333333
81,19,24,0,0.0,0.3333333333333333
81,19,25,0,0.0,0.03333333333333333
81,21,24,0,0.0,0.06666666666666667
81,21,25,0,0.0,0.03333333333333333
81,22,24,0,0.0,0.06666666666666667
81,23,24,0,0.0,0.06666666666666667
81,24,24,0,0.0,0.13333333333333333
82,0,24,0,0.0,0.03333333333333333
82,11,24,0,0.0,0.2
82,16,24,0,0.0,0.03333333333333333
82,17,24,0,0.0,0.06666666666666667
82,18,24,0,0.0,0.4666666666666667
82,18,25,0,0.0,0.06666666666666667
82,18,26,0,0.0,0.03333333333333333
82,19,24,0,0.0,0.36666666666666664
82,19,25,0,0.0,0.1
82,19,26,0,0.0,0.03333333333333333
82,20,24,0,0.0,0.06666666666666667
82,21,24,0,0.0,0.06666666666666667
82,22,24,0,0.0,0.13333333333333333
83,0,24,0,0.0,0.03333333333333333
83,7,24,0,0.0,0.03333333333333333
83,17,24,0,0.0,0.16666666666666666
83,17,25,0,0.0,0.03333333333333333
83,18,24,0,0.0,0.3
83,19,24,0,0.0,0.5
83,19,25,0,0.0,0.1
83,19,26,0,0.0,0.06666666666666667
83,20,24,0,0.0,0.13333333333333333
83,20,25,0,0.0,0.03333333333333333
83,21,24,0,0.0,0.06666666666666667
83,22,24,0,0.0,0.03333333333333333
83,23,24,0,0.0,0.16666666666666666
84,20,24,0,0.0,0.03333333333333333
84,20,25,0,0.0,0.03333333333333333
84,21,24,0,0.0,0.06666666666666667
84,22,24,0,0.0,0.2
84,23,24,0,0.0,0.2
84,24,24,0,0.0,0.6333333333333333
84,24,25,0,0.0,0.1
84,24,26,0,0.0,0.06666666666666667
84,25,24,0,0.0,0.3
84,25,25,0,0.0,0.03333333333333333
85,0,24,0,0.0,0.03333333333333333
85,11,24,0,0.0,0.03333333333333333
85,17,24,0,0.0,0.1
85,20,24,0,0.0,0.03333333333333333
85,21,24,0,0.0,0.1
85,21,25,0,0.0,0.03333333333333333
85,22,24,0,0.0,0.3
85,23,24,0,0.0,0.26666666666666666
85,23,25,0,0.0,0.03333333333333333
85,24,24,0,0.0,0.5333333333333333
85,24,25,0,0.0,0.1
85,24,26,0,0.0,0.06666666666666667
85,25,24,0,0.0,0.03333333333333333
86,17,24,0,0.0,0.1
86,18,24,0,0.0,0.16666666666666666
86,19,24,0,0.0,0.06666666666666667
86,20,24,0,0.0,0.5333333333333333
86,20,25,0,0.0,0.1
86,20,26,0,0.0,0.06666666666666667
86,21,24,0,0.0,0.3
86,21,25,0,0.0,0.06666666666666667
86,22,24,0,0.0,0.06666666666666667
86,23,24,0,0.0,0.1
86,24,24,0,0.0,0.1
87,0,24,0,0.0,0.03333333333333333
87,17,24,0,0.0,0.1
87,18,24,0,0.0,0.03333333333333333
87,19,24,0,0.0,0.13333333333333333
87,19,25,0,0.0,0.03333333333333333
87,20,24,0,0.0,0.06666666666666667
87,21,24,0,0.0,0.26666666666666666
87,22,24,0,0.0,0.4666666666666667
87,22,25,0,0.0,0.03333333333333333
87,23,24,0,0.0,0.3333333333333333
87,23,25,0,0.0,0.1
87,23,26,0,0.0,0.06666666666666667
88,0,24,0,0.0,0.03333333333333333
88,6,24,0,0.0,0.03333333333333333
88,6,25,0,0.0,0.03333333333333333
88,9,24,0,0.0,0.06666666666666667
88,17,24,0,0.0,0.06666666666666667
88,18,24,0,0.0,0.2
88,19,24,0,0.0,0.3
88,20,24,0,0.0,0.4
88,20,25,0,0.0,0.1
88,20,26,0,0.0,0.06666666666666667
88,21,24,0,0.0,0.06666666666666667
88,21,25,0,0.0,0.03333333333333333
88,22,24,0,0.0,0.06666666666666667
88,23,24,0,0.0,0.13333333333333333
88,24,24,0,0.0,0.06666666666666667
89,0,24,0,0.0,0.03333333333333333
89,7,24,0,0.0,0.03333333333333333
89,17,24,0,0.0,0.16666666666666666
89,17,25,0,0.0,0.03333333333333333
89,18,24,0,0.0,0.23333333333333334
89,19,24,0,0.0,0.4666666666666667
89,19,25,0,0.0,0.1
89,19,26,0,0.0,0.06666666666666667
89,20,24,0,0.0,0.2
89,20,25,0,0.0,0.03333333333333333
89,21,24,0,0.0,0.03333333333333333
89,22,24,0,0.0,0.1
89,23,24,0,0.0,0.13333333333333333
89,24,24,0,0.0,0.03333333333333333
90,0,24,0,0.0,0.03333333333333333
90,5,24,0,0.0,0.03333333333333333
90,6,24,0,0.0,0.03333333333333333
90,11,24,0,0.0,0.03333333333333333
90,12,24,0,0.0,0.4666666666666667
90,12,25,0,0.0,0.1
90,12,26,0,0.0,0.06666666666666667
90,13,24,0,0.0,0.03333333333333333
90,18,24,0,0.0,0.23333333333333334
90,19,24,0,0.0,0.23333333333333334
90,19,25,0,0.0,0.03333333333333333
90,21,24,0,0.0,0.06666666666666667
90,21,25,0,0.0,0.03333333333333333
90,22,24,0,0.0,0.06666666666666667
90,23,24,0,0.0,0.13333333333333333
90,24,24,0,0.0,0.06666666666666667
91,12,24,0,0.0,0.13333333333333333
91,13,24,0,0.0,0.5
91,13,25,0,0.0,0.1
91,13,26,0,0.0,0.06666666666666667
91,18,24,0,0.0,0.03333333333333333
91,19,24,0,0.0,0.43333333333333335
91,19,25,0,0.0,0.03333333333333333
91,21,24,0,0.0,0.06666666666666667
91,21,25,0,0.0,0.03333333333333333
91,22,24,0,0.0,0.06666666666666667
91,23,24,0,0.0,0.03333333333333333
91,24,24,0,0.0,0.16666666666666666
92,0,25,0,0.0,0.03333333333333333
92,8,24,0,0.0,0.03333333333333333
92,17,24,0,0.0,0.03333333333333333
92,18,24,0,0.0,0.03333333333333333
92,19,24,0,0.0,0.26666666666666666
92,20,24,0,0.0,0.13333333333333333
92,21,24,0,0.0,0.7666666666666667
92,21,25,0,0.0,0.13333333333333333
92,21,26,0,0.0,0.06666666666666667
92,22,24,0,0.0,0.16666666666666666
