fasta	Name	tRNA #	Begin	End	Type	Codon	Score	Note
CP101161.1	CP101161.1_CP101161.1 	1	337330	337401	Thr	GGT	75.3	
CP101161.1	CP101161.1_CP101161.1 	2	360591	360661	Gly	CCC	79.4	
CP101161.1	CP101161.1_CP101161.1 	3	499226	499297	His	GTG	44.0	
CP101161.1	CP101161.1_CP101161.1 	4	516373	516445	Pro	TGG	66.6	
CP101161.1	CP101161.1_CP101161.1 	5	706182	706254	Arg	GCG	55.4	
CP101161.1	CP101161.1_CP101161.1 	6	773362	773434	Arg	CCG	74.6	
CP101161.1	CP101161.1_CP101161.1 	7	971175	971255	Ser	GGA	77.7	
CP101161.1	CP101161.1_CP101161.1 	8	1094876	1094947	Ala	TGC	80.3	
CP101161.1	CP101161.1_CP101161.1 	9	1099738	1099813	Cys	GCA	57.9	
CP101161.1	CP101161.1_CP101161.1 	10	1284651	1284724	Tyr	GTA	68.7	
CP101161.1	CP101161.1_CP101161.1 	11	1845949	1846033	Ser	CGA	71.8	
CP101161.1	CP101161.1_CP101161.1 	12	1988332	1988466	Met	CAT	65.2	
CP101161.1	CP101161.1_CP101161.1 	13	2107359	2107433	Ile	GAT	78.6	
CP101161.1	CP101161.1_CP101161.1 	14	2300112	2300186	Val	CAC	72.1	
CP101161.1	CP101161.1_CP101161.1 	15	2412154	2412227	Thr	TGT	58.7	
CP101161.1	CP101161.1_CP101161.1 	16	2436786	2436860	Glu	TTC	64.5	
CP101161.1	CP101161.1_CP101161.1 	17	2599673	2599755	Ser	GCT	65.0	
CP101161.1	CP101161.1_CP101161.1 	18	2602107	2602191	Leu	CAG	57.8	
CP101161.1	CP101161.1_CP101161.1 	19	2668436	2668519	Leu	TAG	66.3	
CP101161.1	CP101161.1_CP101161.1 	20	2702966	2703050	Undet	NNN	45.7	
CP101161.1	CP101161.1_CP101161.1 	21	3524949	3525023	Arg	TCG	75.1	
CP101161.1	CP101161.1_CP101161.1 	22	3676241	3676315	Met	CAT	64.5	
CP101161.1	CP101161.1_CP101161.1 	23	3729187	3729115	Gln	TTG	60.8	
CP101161.1	CP101161.1_CP101161.1 	24	3492447	3492376	Ala	GGC	78.3	
CP101161.1	CP101161.1_CP101161.1 	25	3440384	3440312	Thr	CGT	79.3	
CP101161.1	CP101161.1_CP101161.1 	26	3435781	3435712	Undet	NNN	22.7	
CP101161.1	CP101161.1_CP101161.1 	27	3142798	3142724	Glu	CTC	63.9	
CP101161.1	CP101161.1_CP101161.1 	28	2944323	2944250	Lys	CTT	80.2	
CP101161.1	CP101161.1_CP101161.1 	29	2939925	2939747	Trp	CCA	60.3	
CP101161.1	CP101161.1_CP101161.1 	30	2794389	2794319	Gly	TCC	75.6	
CP101161.1	CP101161.1_CP101161.1 	31	2783633	2783560	Arg	CCT	77.5	
CP101161.1	CP101161.1_CP101161.1 	32	2572803	2572720	Leu	CAA	68.3	
CP101161.1	CP101161.1_CP101161.1 	33	2548941	2548857	Leu	GAG	53.9	
CP101161.1	CP101161.1_CP101161.1 	34	2462023	2461942	Ser	TGA	76.9	
CP101161.1	CP101161.1_CP101161.1 	35	2203208	2203138	Pro	GGG	56.6	
CP101161.1	CP101161.1_CP101161.1 	36	2052698	2052628	Gly	GCC	68.4	
CP101161.1	CP101161.1_CP101161.1 	37	2019598	2019514	Leu	TAA	76.7	
CP101161.1	CP101161.1_CP101161.1 	38	1973308	1973234	Val	GAC	69.6	
CP101161.1	CP101161.1_CP101161.1 	39	1172265	1172190	Arg	TCT	83.8	
CP101161.1	CP101161.1_CP101161.1 	40	955322	955250	Gln	CTG	52.7	
CP101161.1	CP101161.1_CP101161.1 	41	865493	865420	Lys	TTT	81.6	
CP101161.1	CP101161.1_CP101161.1 	42	835525	835453	Asp	GTC	67.9	
CP101161.1	CP101161.1_CP101161.1 	43	811451	811380	Val	TAC	77.6	
CP101161.1	CP101161.1_CP101161.1 	44	811041	810968	Phe	GAA	75.3	
CP101161.1	CP101161.1_CP101161.1 	45	748435	748364	Ala	CGC	76.6	
CP101161.1	CP101161.1_CP101161.1 	46	699675	699603	Asn	GTT	80.0	
CP101161.1	CP101161.1_CP101161.1 	47	690276	690170	Met	CAT	74.2	
CP101161.1	CP101161.1_CP101161.1 	48	296594	296522	Pro	CGG	52.4	
